class,location,path,split
car,loc1,loc1_500/00017_car_loc1_0.npz,train
car,loc1,loc1_500/01573_car_loc1_2.npz,train
background,loc1,loc1_500/05418_background_loc1_0.npz,train
car,loc1,loc1_500/00347_car_loc1_0.npz,train
cv,loc1,loc1_500/02247_cv_loc1_0.npz,train
car,loc1,loc1_500/02860_car_loc1_0.npz,train
cv,loc1,loc1_500/02075_cv_loc1_0.npz,train
background,loc1,loc1_500/05316_background_loc1_3.npz,train
cv,loc1,loc1_500/02210_cv_loc1_0.npz,train
car,loc1,loc1_500/03029_car_loc1_1.npz,train
cv,loc1,loc1_500/02089_cv_loc1_0.npz,train
cv,loc1,loc1_500/02075_cv_loc1_1.npz,train
car,loc1,loc1_500/02552_car_loc1_1.npz,train
cv,loc1,loc1_500/02391_cv_loc1_0.npz,train
car,loc1,loc1_500/02564_car_loc1_1.npz,train
car,loc1,loc1_500/00619_car_loc1_0.npz,train
background,loc1,loc1_500/08092_background_loc1_0.npz,train
background,loc1,loc1_500/01429_background_loc1_0.npz,train
cv,loc1,loc1_500/01901_cv_loc1_1.npz,train
background,loc1,loc1_500/00504_background_loc1_0.npz,train
cv,loc1,loc1_500/02473_cv_loc1_0.npz,train
background,loc1,loc1_500/07404_background_loc1_4.npz,train
car,loc1,loc1_500/01654_car_loc1_0.npz,train
background,loc1,loc1_500/04277_background_loc1_1.npz,train
car,loc1,loc1_500/00200_car_loc1_0.npz,train
cv,loc1,loc1_500/02017_cv_loc1_0.npz,train
car,loc1,loc1_500/00632_car_loc1_0.npz,train
car,loc1,loc1_500/00516_car_loc1_2.npz,train
background,loc1,loc1_500/04531_background_loc1_2.npz,train
background,loc1,loc1_500/00232_background_loc1_0.npz,train
background,loc1,loc1_500/00725_background_loc1_0.npz,train
cv,loc1,loc1_500/00155_cv_loc1_0.npz,train
car,loc1,loc1_500/01474_car_loc1_0.npz,train
background,loc1,loc1_500/10059_background_loc1_3.npz,train
car,loc1,loc1_500/01340_car_loc1_1.npz,train
car,loc1,loc1_500/01833_car_loc1_0.npz,train
background,loc1,loc1_500/04268_background_loc1_0.npz,train
background,loc1,loc1_500/04497_background_loc1_3.npz,train
background,loc1,loc1_500/03931_background_loc1_1.npz,train
cv,loc1,loc1_500/02084_cv_loc1_0.npz,train
car,loc1,loc1_500/03588_car_loc1_0.npz,train
car,loc1,loc1_500/02843_car_loc1_1.npz,train
background,loc1,loc1_500/00448_background_loc1_1.npz,train
background,loc1,loc1_500/00154_background_loc1_6.npz,train
car,loc1,loc1_500/01034_car_loc1_1.npz,train
car,loc1,loc1_500/03680_car_loc1_2.npz,train
cv,loc1,loc1_500/02209_cv_loc1_0.npz,train
car,loc1,loc1_500/01969_car_loc1_0.npz,train
car,loc1,loc1_500/02782_car_loc1_0.npz,train
cv,loc1,loc1_500/00257_cv_loc1_0.npz,train
car,loc1,loc1_500/02610_car_loc1_1.npz,train
background,loc1,loc1_500/05363_background_loc1_4.npz,train
cv,loc1,loc1_500/01629_cv_loc1_0.npz,train
cv,loc1,loc1_500/02063_cv_loc1_1.npz,train
background,loc1,loc1_500/03504_background_loc1_0.npz,train
car,loc1,loc1_500/00285_car_loc1_1.npz,train
cv,loc1,loc1_500/00042_cv_loc1_0.npz,train
cv,loc1,loc1_500/00054_cv_loc1_0.npz,train
car,loc1,loc1_500/00142_car_loc1_0.npz,train
cv,loc1,loc1_500/02475_cv_loc1_0.npz,train
car,loc1,loc1_500/02547_car_loc1_0.npz,train
car,loc1,loc1_500/01781_car_loc1_1.npz,train
cv,loc1,loc1_500/02334_cv_loc1_0.npz,train
background,loc1,loc1_500/00777_background_loc1_5.npz,train
background,loc1,loc1_500/04230_background_loc1_2.npz,train
car,loc1,loc1_500/02880_car_loc1_1.npz,train
background,loc1,loc1_500/05565_background_loc1_0.npz,train
cv,loc1,loc1_500/01311_cv_loc1_3.npz,train
car,loc1,loc1_500/03238_car_loc1_1.npz,train
car,loc1,loc1_500/01477_car_loc1_1.npz,train
cv,loc1,loc1_500/00002_cv_loc1_0.npz,train
cv,loc1,loc1_500/00276_cv_loc1_0.npz,train
background,loc1,loc1_500/00802_background_loc1_1.npz,train
background,loc1,loc1_500/07085_background_loc1_1.npz,train
background,loc1,loc1_500/04606_background_loc1_0.npz,train
background,loc1,loc1_500/09941_background_loc1_0.npz,train
cv,loc1,loc1_500/01820_cv_loc1_0.npz,train
background,loc1,loc1_500/00623_background_loc1_0.npz,train
background,loc1,loc1_500/05755_background_loc1_2.npz,train
cv,loc1,loc1_500/00226_cv_loc1_0.npz,train
car,loc1,loc1_500/03060_car_loc1_1.npz,train
background,loc1,loc1_500/04951_background_loc1_0.npz,train
cv,loc1,loc1_500/02207_cv_loc1_0.npz,train
cv,loc1,loc1_500/00219_cv_loc1_0.npz,train
cv,loc1,loc1_500/00083_cv_loc1_0.npz,train
cv,loc1,loc1_500/02080_cv_loc1_0.npz,train
cv,loc1,loc1_500/00128_cv_loc1_0.npz,train
cv,loc1,loc1_500/02240_cv_loc1_1.npz,train
cv,loc1,loc1_500/02021_cv_loc1_0.npz,train
background,loc1,loc1_500/05300_background_loc1_1.npz,train
car,loc1,loc1_500/00431_car_loc1_0.npz,train
car,loc1,loc1_500/01673_car_loc1_1.npz,train
car,loc1,loc1_500/03585_car_loc1_1.npz,train
cv,loc1,loc1_500/01312_cv_loc1_1.npz,train
car,loc1,loc1_500/00668_car_loc1_0.npz,train
car,loc1,loc1_500/01464_car_loc1_1.npz,train
background,loc1,loc1_500/02947_background_loc1_2.npz,train
car,loc1,loc1_500/00714_car_loc1_0.npz,train
cv,loc1,loc1_500/02019_cv_loc1_1.npz,train
background,loc1,loc1_500/01283_background_loc1_0.npz,train
car,loc1,loc1_500/03450_car_loc1_1.npz,train
cv,loc1,loc1_500/02132_cv_loc1_0.npz,train
background,loc1,loc1_500/03713_background_loc1_2.npz,train
cv,loc1,loc1_500/01821_cv_loc1_0.npz,train
car,loc1,loc1_500/03471_car_loc1_0.npz,train
cv,loc1,loc1_500/02031_cv_loc1_1.npz,train
car,loc1,loc1_500/00761_car_loc1_0.npz,train
car,loc1,loc1_500/03329_car_loc1_1.npz,train
cv,loc1,loc1_500/02339_cv_loc1_0.npz,train
car,loc1,loc1_500/00997_car_loc1_0.npz,train
car,loc1,loc1_500/00438_car_loc1_0.npz,train
cv,loc1,loc1_500/00053_cv_loc1_0.npz,train
cv,loc1,loc1_500/02327_cv_loc1_0.npz,train
cv,loc1,loc1_500/00233_cv_loc1_0.npz,train
background,loc1,loc1_500/05995_background_loc1_3.npz,train
cv,loc1,loc1_500/02019_cv_loc1_0.npz,train
car,loc1,loc1_500/02991_car_loc1_1.npz,train
car,loc1,loc1_500/01503_car_loc1_1.npz,train
car,loc1,loc1_500/00157_car_loc1_0.npz,train
background,loc1,loc1_500/09976_background_loc1_1.npz,train
car,loc1,loc1_500/01426_car_loc1_2.npz,train
background,loc1,loc1_500/05423_background_loc1_0.npz,train
car,loc1,loc1_500/00513_car_loc1_0.npz,train
car,loc1,loc1_500/00345_car_loc1_1.npz,train
car,loc1,loc1_500/02578_car_loc1_0.npz,train
cv,loc1,loc1_500/00810_cv_loc1_0.npz,train
cv,loc1,loc1_500/00178_cv_loc1_0.npz,train
background,loc1,loc1_500/04913_background_loc1_2.npz,train
car,loc1,loc1_500/02188_car_loc1_0.npz,train
background,loc1,loc1_500/00075_background_loc1_2.npz,train
background,loc1,loc1_500/05231_background_loc1_2.npz,train
cv,loc1,loc1_500/00434_cv_loc1_0.npz,train
background,loc1,loc1_500/00476_background_loc1_2.npz,train
car,loc1,loc1_500/01783_car_loc1_1.npz,train
cv,loc1,loc1_500/02259_cv_loc1_0.npz,train
background,loc1,loc1_500/04896_background_loc1_4.npz,train
car,loc1,loc1_500/00181_car_loc1_0.npz,train
cv,loc1,loc1_500/02320_cv_loc1_0.npz,train
background,loc1,loc1_500/04979_background_loc1_4.npz,train
background,loc1,loc1_500/08803_background_loc1_0.npz,train
background,loc1,loc1_500/09260_background_loc1_2.npz,train
car,loc1,loc1_500/03534_car_loc1_1.npz,train
cv,loc1,loc1_500/02276_cv_loc1_0.npz,train
car,loc1,loc1_500/02619_car_loc1_0.npz,train
background,loc1,loc1_500/08061_background_loc1_0.npz,train
background,loc1,loc1_500/04388_background_loc1_0.npz,train
background,loc1,loc1_500/09290_background_loc1_1.npz,train
cv,loc1,loc1_500/02251_cv_loc1_0.npz,train
background,loc1,loc1_500/07494_background_loc1_3.npz,train
background,loc1,loc1_500/00425_background_loc1_1.npz,train
cv,loc1,loc1_500/00059_cv_loc1_0.npz,train
cv,loc1,loc1_500/00177_cv_loc1_0.npz,train
cv,loc1,loc1_500/02020_cv_loc1_0.npz,train
background,loc1,loc1_500/00339_background_loc1_3.npz,train
cv,loc1,loc1_500/01867_cv_loc1_0.npz,train
background,loc1,loc1_500/01238_background_loc1_0.npz,train
background,loc1,loc1_500/05055_background_loc1_0.npz,train
car,loc1,loc1_500/00629_car_loc1_4.npz,train
background,loc1,loc1_500/06670_background_loc1_1.npz,train
car,loc1,loc1_500/01754_car_loc1_1.npz,train
car,loc1,loc1_500/00586_car_loc1_1.npz,train
cv,loc1,loc1_500/02131_cv_loc1_0.npz,train
cv,loc1,loc1_500/02206_cv_loc1_0.npz,train
background,loc1,loc1_500/10128_background_loc1_3.npz,train
cv,loc1,loc1_500/00250_cv_loc1_0.npz,train
car,loc1,loc1_500/00939_car_loc1_0.npz,train
car,loc1,loc1_500/01869_car_loc1_0.npz,train
background,loc1,loc1_500/03158_background_loc1_0.npz,train
background,loc1,loc1_500/00165_background_loc1_1.npz,train
car,loc1,loc1_500/03412_car_loc1_0.npz,train
cv,loc1,loc1_500/01919_cv_loc1_0.npz,train
car,loc1,loc1_500/02635_car_loc1_0.npz,train
cv,loc1,loc1_500/01938_cv_loc1_0.npz,train
car,loc1,loc1_500/01584_car_loc1_0.npz,train
car,loc1,loc1_500/01525_car_loc1_1.npz,train
background,loc1,loc1_500/02629_background_loc1_0.npz,train
car,loc1,loc1_500/03290_car_loc1_0.npz,train
car,loc1,loc1_500/03065_car_loc1_1.npz,train
cv,loc1,loc1_500/02205_cv_loc1_0.npz,train
car,loc1,loc1_500/03426_car_loc1_0.npz,train
background,loc1,loc1_500/09448_background_loc1_3.npz,train
car,loc1,loc1_500/02105_car_loc1_0.npz,train
cv,loc1,loc1_500/02024_cv_loc1_1.npz,train
background,loc1,loc1_500/04864_background_loc1_3.npz,train
background,loc1,loc1_500/05122_background_loc1_2.npz,train
car,loc1,loc1_500/03767_car_loc1_1.npz,train
cv,loc1,loc1_500/01902_cv_loc1_0.npz,train
background,loc1,loc1_500/00739_background_loc1_0.npz,train
car,loc1,loc1_500/00891_car_loc1_0.npz,train
cv,loc1,loc1_500/02229_cv_loc1_1.npz,train
car,loc1,loc1_500/01757_car_loc1_3.npz,train
car,loc1,loc1_500/03309_car_loc1_1.npz,train
car,loc1,loc1_500/03374_car_loc1_1.npz,train
car,loc1,loc1_500/01503_car_loc1_0.npz,train
car,loc1,loc1_500/01179_car_loc1_0.npz,train
background,loc1,loc1_500/08707_background_loc1_1.npz,train
cv,loc1,loc1_500/02092_cv_loc1_0.npz,train
car,loc1,loc1_500/03036_car_loc1_1.npz,train
car,loc1,loc1_500/03680_car_loc1_3.npz,train
cv,loc1,loc1_500/02312_cv_loc1_0.npz,train
car,loc1,loc1_500/00430_car_loc1_1.npz,train
background,loc1,loc1_500/05486_background_loc1_3.npz,train
background,loc1,loc1_500/09796_background_loc1_0.npz,train
background,loc1,loc1_500/06440_background_loc1_0.npz,train
cv,loc1,loc1_500/00220_cv_loc1_0.npz,train
background,loc1,loc1_500/00488_background_loc1_5.npz,train
background,loc1,loc1_500/05198_background_loc1_1.npz,train
background,loc1,loc1_500/01897_background_loc1_1.npz,train
cv,loc1,loc1_500/01817_cv_loc1_0.npz,train
car,loc1,loc1_500/03321_car_loc1_1.npz,train
car,loc1,loc1_500/00636_car_loc1_1.npz,train
cv,loc1,loc1_500/01309_cv_loc1_5.npz,train
car,loc1,loc1_500/00793_car_loc1_1.npz,train
car,loc1,loc1_500/01738_car_loc1_0.npz,train
car,loc1,loc1_500/00532_car_loc1_0.npz,train
cv,loc1,loc1_500/02450_cv_loc1_1.npz,train
car,loc1,loc1_500/01404_car_loc1_1.npz,train
background,loc1,loc1_500/06958_background_loc1_1.npz,train
car,loc1,loc1_500/02153_car_loc1_0.npz,train
background,loc1,loc1_500/00594_background_loc1_2.npz,train
car,loc1,loc1_500/00888_car_loc1_2.npz,train
car,loc1,loc1_500/00216_car_loc1_0.npz,train
car,loc1,loc1_500/02731_car_loc1_1.npz,train
cv,loc1,loc1_500/00247_cv_loc1_0.npz,train
background,loc1,loc1_500/00599_background_loc1_1.npz,train
background,loc1,loc1_500/09660_background_loc1_5.npz,train
background,loc1,loc1_500/05017_background_loc1_2.npz,train
cv,loc1,loc1_500/02130_cv_loc1_1.npz,train
cv,loc1,loc1_500/00445_cv_loc1_0.npz,train
background,loc1,loc1_500/03157_background_loc1_1.npz,train
car,loc1,loc1_500/01784_car_loc1_0.npz,train
background,loc1,loc1_500/06255_background_loc1_2.npz,train
cv,loc1,loc1_500/00338_cv_loc1_0.npz,train
background,loc1,loc1_500/08256_background_loc1_0.npz,train
car,loc1,loc1_500/02282_car_loc1_0.npz,train
background,loc1,loc1_500/09721_background_loc1_1.npz,train
background,loc1,loc1_500/01390_background_loc1_1.npz,train
background,loc1,loc1_500/04179_background_loc1_0.npz,train
cv,loc1,loc1_500/00180_cv_loc1_0.npz,train
cv,loc1,loc1_500/00202_cv_loc1_0.npz,train
cv,loc1,loc1_500/00137_cv_loc1_0.npz,train
background,loc1,loc1_500/00248_background_loc1_5.npz,train
car,loc1,loc1_500/03071_car_loc1_0.npz,train
car,loc1,loc1_500/03497_car_loc1_2.npz,train
cv,loc1,loc1_500/02412_cv_loc1_0.npz,train
background,loc1,loc1_500/00602_background_loc1_2.npz,train
cv,loc1,loc1_500/02022_cv_loc1_0.npz,train
car,loc1,loc1_500/01840_car_loc1_0.npz,train
car,loc1,loc1_500/01407_car_loc1_2.npz,train
cv,loc1,loc1_500/00337_cv_loc1_0.npz,train
background,loc1,loc1_500/03194_background_loc1_0.npz,train
background,loc1,loc1_500/03951_background_loc1_0.npz,train
background,loc1,loc1_500/00646_background_loc1_2.npz,train
background,loc1,loc1_500/00069_background_loc1_1.npz,train
background,loc1,loc1_500/04736_background_loc1_3.npz,train
cv,loc1,loc1_500/00043_cv_loc1_1.npz,train
car,loc1,loc1_500/00773_car_loc1_0.npz,train
car,loc1,loc1_500/02827_car_loc1_0.npz,train
car,loc1,loc1_500/01354_car_loc1_0.npz,train
background,loc1,loc1_500/00564_background_loc1_1.npz,train
cv,loc1,loc1_500/00225_cv_loc1_0.npz,train
background,loc1,loc1_500/01993_background_loc1_0.npz,train
background,loc1,loc1_500/03073_background_loc1_0.npz,train
background,loc1,loc1_500/10041_background_loc1_0.npz,train
car,loc1,loc1_500/03458_car_loc1_0.npz,train
background,loc1,loc1_500/04647_background_loc1_3.npz,train
cv,loc1,loc1_500/02049_cv_loc1_0.npz,train
car,loc1,loc1_500/00678_car_loc1_0.npz,train
cv,loc1,loc1_500/02217_cv_loc1_0.npz,train
car,loc1,loc1_500/02796_car_loc1_1.npz,train
cv,loc1,loc1_500/00433_cv_loc1_0.npz,train
background,loc1,loc1_500/07432_background_loc1_0.npz,train
background,loc1,loc1_500/09911_background_loc1_1.npz,train
cv,loc1,loc1_500/00267_cv_loc1_0.npz,train
car,loc1,loc1_500/03721_car_loc1_0.npz,train
car,loc1,loc1_500/01141_car_loc1_0.npz,train
car,loc1,loc1_500/01782_car_loc1_0.npz,train
background,loc1,loc1_500/05206_background_loc1_7.npz,train
cv,loc1,loc1_500/02001_cv_loc1_0.npz,train
cv,loc1,loc1_500/00485_cv_loc1_0.npz,train
car,loc1,loc1_500/00871_car_loc1_1.npz,train
cv,loc1,loc1_500/00278_cv_loc1_0.npz,train
cv,loc1,loc1_500/02206_cv_loc1_0.npz,train
background,loc1,loc1_500/00486_background_loc1_2.npz,train
background,loc1,loc1_500/05911_background_loc1_0.npz,train
car,loc1,loc1_500/03053_car_loc1_0.npz,train
car,loc1,loc1_500/03666_car_loc1_0.npz,train
cv,loc1,loc1_500/00275_cv_loc1_0.npz,train
cv,loc1,loc1_500/00384_cv_loc1_0.npz,train
cv,loc1,loc1_500/00436_cv_loc1_0.npz,train
cv,loc1,loc1_500/00015_cv_loc1_0.npz,train
cv,loc1,loc1_500/02208_cv_loc1_0.npz,train
car,loc1,loc1_500/01001_car_loc1_0.npz,train
background,loc1,loc1_500/05535_background_loc1_2.npz,train
background,loc1,loc1_500/07896_background_loc1_1.npz,train
background,loc1,loc1_500/00045_background_loc1_3.npz,train
car,loc1,loc1_500/01031_car_loc1_0.npz,train
background,loc1,loc1_500/00548_background_loc1_3.npz,train
car,loc1,loc1_500/03426_car_loc1_1.npz,train
cv,loc1,loc1_500/00125_cv_loc1_0.npz,train
background,loc1,loc1_500/00135_background_loc1_3.npz,train
cv,loc1,loc1_500/02210_cv_loc1_0.npz,train
car,loc1,loc1_500/01617_car_loc1_0.npz,train
car,loc1,loc1_500/01542_car_loc1_1.npz,train
cv,loc1,loc1_500/01995_cv_loc1_1.npz,train
cv,loc1,loc1_500/02063_cv_loc1_0.npz,train
cv,loc1,loc1_500/02076_cv_loc1_1.npz,train
background,loc1,loc1_500/03672_background_loc1_1.npz,train
background,loc1,loc1_500/05400_background_loc1_4.npz,train
cv,loc1,loc1_500/01895_cv_loc1_0.npz,train
cv,loc1,loc1_500/02074_cv_loc1_0.npz,train
car,loc1,loc1_500/03378_car_loc1_1.npz,train
car,loc1,loc1_500/00975_car_loc1_0.npz,train
background,loc1,loc1_500/00727_background_loc1_1.npz,train
car,loc1,loc1_500/01519_car_loc1_0.npz,train
car,loc1,loc1_500/01529_car_loc1_1.npz,train
background,loc1,loc1_500/09909_background_loc1_3.npz,train
car,loc1,loc1_500/03476_car_loc1_1.npz,train
cv,loc1,loc1_500/02410_cv_loc1_0.npz,train
background,loc1,loc1_500/09525_background_loc1_3.npz,train
background,loc1,loc1_500/06867_background_loc1_3.npz,train
background,loc1,loc1_500/00662_background_loc1_2.npz,train
cv,loc1,loc1_500/02012_cv_loc1_0.npz,train
car,loc1,loc1_500/01546_car_loc1_0.npz,train
car,loc1,loc1_500/00503_car_loc1_0.npz,train
background,loc1,loc1_500/03364_background_loc1_1.npz,train
background,loc1,loc1_500/00631_background_loc1_5.npz,train
background,loc1,loc1_500/06784_background_loc1_0.npz,train
car,loc1,loc1_500/00857_car_loc1_0.npz,train
background,loc1,loc1_500/00029_background_loc1_3.npz,train
background,loc1,loc1_500/00587_background_loc1_4.npz,train
cv,loc1,loc1_500/02321_cv_loc1_0.npz,train
background,loc1,loc1_500/05098_background_loc1_3.npz,train
background,loc1,loc1_500/02381_background_loc1_0.npz,train
background,loc1,loc1_500/10121_background_loc1_2.npz,train
background,loc1,loc1_500/03901_background_loc1_3.npz,train
background,loc1,loc1_500/05449_background_loc1_2.npz,train
background,loc1,loc1_500/04907_background_loc1_4.npz,train
background,loc1,loc1_500/00227_background_loc1_6.npz,train
car,loc1,loc1_500/03436_car_loc1_0.npz,train
cv,loc1,loc1_500/00224_cv_loc1_0.npz,train
background,loc1,loc1_500/05518_background_loc1_5.npz,train
car,loc1,loc1_500/03319_car_loc1_1.npz,train
background,loc1,loc1_500/00284_background_loc1_4.npz,train
background,loc1,loc1_500/05322_background_loc1_4.npz,train
background,loc1,loc1_500/05202_background_loc1_2.npz,train
background,loc1,loc1_500/05022_background_loc1_0.npz,train
cv,loc1,loc1_500/02275_cv_loc1_0.npz,train
background,loc1,loc1_500/05206_background_loc1_2.npz,train
car,loc1,loc1_500/01921_car_loc1_0.npz,train
car,loc1,loc1_500/02688_car_loc1_0.npz,train
car,loc1,loc1_500/03558_car_loc1_1.npz,train
background,loc1,loc1_500/00745_background_loc1_2.npz,train
car,loc1,loc1_500/01910_car_loc1_1.npz,train
car,loc1,loc1_500/01676_car_loc1_0.npz,train
background,loc1,loc1_500/00110_background_loc1_2.npz,train
cv,loc1,loc1_500/02070_cv_loc1_1.npz,train
car,loc1,loc1_500/01042_car_loc1_1.npz,train
background,loc1,loc1_500/00233_background_loc1_4.npz,train
background,loc1,loc1_500/07459_background_loc1_0.npz,train
car,loc1,loc1_500/02444_car_loc1_0.npz,train
car,loc1,loc1_500/03312_car_loc1_0.npz,train
car,loc1,loc1_500/01271_car_loc1_0.npz,train
cv,loc1,loc1_500/00299_cv_loc1_0.npz,train
car,loc1,loc1_500/03815_car_loc1_2.npz,train
car,loc1,loc1_500/00911_car_loc1_0.npz,train
background,loc1,loc1_500/06820_background_loc1_0.npz,train
car,loc1,loc1_500/00508_car_loc1_3.npz,train
cv,loc1,loc1_500/00049_cv_loc1_0.npz,train
cv,loc1,loc1_500/02077_cv_loc1_0.npz,train
car,loc1,loc1_500/01464_car_loc1_2.npz,train
background,loc1,loc1_500/00514_background_loc1_3.npz,train
car,loc1,loc1_500/03761_car_loc1_0.npz,train
cv,loc1,loc1_500/02061_cv_loc1_0.npz,train
car,loc1,loc1_500/03076_car_loc1_1.npz,train
cv,loc1,loc1_500/02062_cv_loc1_0.npz,train
car,loc1,loc1_500/01757_car_loc1_0.npz,train
background,loc1,loc1_500/04491_background_loc1_2.npz,train
car,loc1,loc1_500/01096_car_loc1_0.npz,train
car,loc1,loc1_500/01091_car_loc1_0.npz,train
background,loc1,loc1_500/04967_background_loc1_5.npz,train
car,loc1,loc1_500/01115_car_loc1_3.npz,train
car,loc1,loc1_500/01427_car_loc1_0.npz,train
cv,loc1,loc1_500/00060_cv_loc1_0.npz,train
car,loc1,loc1_500/01221_car_loc1_0.npz,train
car,loc1,loc1_500/03014_car_loc1_0.npz,train
background,loc1,loc1_500/00374_background_loc1_1.npz,train
car,loc1,loc1_500/00116_car_loc1_0.npz,train
car,loc1,loc1_500/01538_car_loc1_0.npz,train
background,loc1,loc1_500/05425_background_loc1_6.npz,train
background,loc1,loc1_500/01959_background_loc1_1.npz,train
car,loc1,loc1_500/01016_car_loc1_0.npz,train
cv,loc1,loc1_500/01868_cv_loc1_0.npz,train
background,loc1,loc1_500/00851_background_loc1_6.npz,train
cv,loc1,loc1_500/01310_cv_loc1_3.npz,train
background,loc1,loc1_500/02576_background_loc1_6.npz,train
car,loc1,loc1_500/00598_car_loc1_0.npz,train
car,loc1,loc1_500/00974_car_loc1_0.npz,train
cv,loc1,loc1_500/00246_cv_loc1_0.npz,train
cv,loc1,loc1_500/02009_cv_loc1_0.npz,train
background,loc1,loc1_500/04300_background_loc1_0.npz,train
cv,loc1,loc1_500/00051_cv_loc1_0.npz,train
car,loc1,loc1_500/01344_car_loc1_1.npz,train
cv,loc1,loc1_500/01901_cv_loc1_0.npz,train
cv,loc1,loc1_500/01893_cv_loc1_0.npz,train
cv,loc1,loc1_500/00297_cv_loc1_0.npz,train
background,loc1,loc1_500/04819_background_loc1_4.npz,train
cv,loc1,loc1_500/01904_cv_loc1_0.npz,train
background,loc1,loc1_500/09359_background_loc1_2.npz,train
cv,loc1,loc1_500/02230_cv_loc1_0.npz,train
cv,loc1,loc1_500/02083_cv_loc1_0.npz,train
car,loc1,loc1_500/00722_car_loc1_0.npz,train
background,loc1,loc1_500/03148_background_loc1_0.npz,train
car,loc1,loc1_500/02710_car_loc1_0.npz,train
car,loc1,loc1_500/01094_car_loc1_0.npz,train
cv,loc1,loc1_500/02335_cv_loc1_0.npz,train
cv,loc1,loc1_500/02231_cv_loc1_0.npz,train
car,loc1,loc1_500/01277_car_loc1_1.npz,train
car,loc1,loc1_500/03475_car_loc1_2.npz,train
cv,loc1,loc1_500/02219_cv_loc1_0.npz,train
cv,loc1,loc1_500/00266_cv_loc1_0.npz,train
background,loc1,loc1_500/09206_background_loc1_0.npz,train
cv,loc1,loc1_500/00238_cv_loc1_0.npz,train
car,loc1,loc1_500/03322_car_loc1_0.npz,train
car,loc1,loc1_500/01930_car_loc1_0.npz,train
cv,loc1,loc1_500/00388_cv_loc1_0.npz,train
cv,loc1,loc1_500/00251_cv_loc1_0.npz,train
cv,loc1,loc1_500/00044_cv_loc1_0.npz,train
car,loc1,loc1_500/00585_car_loc1_0.npz,train
cv,loc1,loc1_500/02081_cv_loc1_0.npz,train
car,loc1,loc1_500/00197_car_loc1_0.npz,train
car,loc1,loc1_500/03238_car_loc1_2.npz,train
car,loc1,loc1_500/01403_car_loc1_2.npz,train
car,loc1,loc1_500/00852_car_loc1_0.npz,train
background,loc1,loc1_500/03671_background_loc1_0.npz,train
cv,loc1,loc1_500/02057_cv_loc1_0.npz,train
cv,loc1,loc1_500/02130_cv_loc1_0.npz,train
cv,loc1,loc1_500/02411_cv_loc1_0.npz,train
cv,loc1,loc1_500/02091_cv_loc1_0.npz,train
car,loc1,loc1_500/03755_car_loc1_1.npz,train
cv,loc1,loc1_500/00398_cv_loc1_0.npz,train
cv,loc1,loc1_500/02239_cv_loc1_1.npz,train
background,loc1,loc1_500/01295_background_loc1_0.npz,train
cv,loc1,loc1_500/02073_cv_loc1_0.npz,train
background,loc1,loc1_500/05236_background_loc1_7.npz,train
cv,loc1,loc1_500/01631_cv_loc1_0.npz,train
cv,loc1,loc1_500/00154_cv_loc1_0.npz,train
car,loc1,loc1_500/02398_car_loc1_0.npz,train
cv,loc1,loc1_500/02097_cv_loc1_0.npz,train
car,loc1,loc1_500/02747_car_loc1_0.npz,train
cv,loc1,loc1_500/02080_cv_loc1_1.npz,train
background,loc1,loc1_500/04915_background_loc1_0.npz,train
background,loc1,loc1_500/04465_background_loc1_0.npz,train
car,loc1,loc1_500/01055_car_loc1_0.npz,train
car,loc1,loc1_500/01552_car_loc1_1.npz,train
background,loc1,loc1_500/02589_background_loc1_0.npz,train
car,loc1,loc1_500/03684_car_loc1_2.npz,train
cv,loc1,loc1_500/00387_cv_loc1_0.npz,train
background,loc1,loc1_500/10013_background_loc1_2.npz,train
car,loc1,loc1_500/00897_car_loc1_0.npz,train
background,loc1,loc1_500/04231_background_loc1_2.npz,train
car,loc1,loc1_500/01491_car_loc1_2.npz,train
background,loc1,loc1_500/00376_background_loc1_4.npz,train
cv,loc1,loc1_500/00156_cv_loc1_0.npz,train
car,loc1,loc1_500/03425_car_loc1_0.npz,train
background,loc1,loc1_500/06986_background_loc1_2.npz,train
background,loc1,loc1_500/05807_background_loc1_2.npz,train
car,loc1,loc1_500/00214_car_loc1_0.npz,train
car,loc1,loc1_500/01417_car_loc1_0.npz,train
car,loc1,loc1_500/00710_car_loc1_0.npz,train
car,loc1,loc1_500/03656_car_loc1_0.npz,train
cv,loc1,loc1_500/00397_cv_loc1_0.npz,train
background,loc1,loc1_500/00568_background_loc1_3.npz,train
background,loc1,loc1_500/10024_background_loc1_0.npz,train
car,loc1,loc1_500/02821_car_loc1_0.npz,train
car,loc1,loc1_500/00875_car_loc1_0.npz,train
car,loc1,loc1_500/03485_car_loc1_1.npz,train
background,loc1,loc1_500/05129_background_loc1_1.npz,train
cv,loc1,loc1_500/01822_cv_loc1_0.npz,train
cv,loc1,loc1_500/02070_cv_loc1_0.npz,train
background,loc1,loc1_500/05469_background_loc1_1.npz,train
car,loc1,loc1_500/01412_car_loc1_0.npz,train
background,loc1,loc1_500/00675_background_loc1_0.npz,train
cv,loc1,loc1_500/00328_cv_loc1_0.npz,train
car,loc1,loc1_500/01816_car_loc1_1.npz,train
car,loc1,loc1_500/01716_car_loc1_2.npz,train
cv,loc1,loc1_500/02355_cv_loc1_0.npz,train
background,loc1,loc1_500/04920_background_loc1_1.npz,train
background,loc1,loc1_500/03790_background_loc1_2.npz,train
car,loc1,loc1_500/00199_car_loc1_0.npz,train
car,loc1,loc1_500/00477_car_loc1_0.npz,train
car,loc1,loc1_500/01361_car_loc1_0.npz,train
cv,loc1,loc1_500/02052_cv_loc1_0.npz,train
background,loc1,loc1_500/00813_background_loc1_0.npz,train
car,loc1,loc1_500/00861_car_loc1_1.npz,train
background,loc1,loc1_500/00058_background_loc1_4.npz,train
car,loc1,loc1_500/02270_car_loc1_0.npz,train
cv,loc1,loc1_500/02474_cv_loc1_0.npz,train
background,loc1,loc1_500/05199_background_loc1_6.npz,train
cv,loc1,loc1_500/01943_cv_loc1_0.npz,train
background,loc1,loc1_500/05530_background_loc1_5.npz,train
cv,loc1,loc1_500/02004_cv_loc1_0.npz,train
cv,loc1,loc1_500/00058_cv_loc1_0.npz,train
background,loc1,loc1_500/05157_background_loc1_1.npz,train
background,loc1,loc1_500/00480_background_loc1_5.npz,train
car,loc1,loc1_500/01519_car_loc1_2.npz,train
cv,loc1,loc1_500/00095_cv_loc1_0.npz,train
background,loc1,loc1_500/00457_background_loc1_4.npz,train
car,loc1,loc1_500/00997_car_loc1_1.npz,train
cv,loc1,loc1_500/01894_cv_loc1_0.npz,train
background,loc1,loc1_500/02217_background_loc1_0.npz,train
background,loc1,loc1_500/06868_background_loc1_1.npz,train
car,loc1,loc1_500/00519_car_loc1_0.npz,train
background,loc1,loc1_500/00922_background_loc1_0.npz,train
cv,loc1,loc1_500/00041_cv_loc1_0.npz,train
car,loc1,loc1_500/00666_car_loc1_0.npz,train
background,loc1,loc1_500/05440_background_loc1_0.npz,train
cv,loc1,loc1_500/02237_cv_loc1_1.npz,train
cv,loc1,loc1_500/02057_cv_loc1_0.npz,train
car,loc1,loc1_500/02456_car_loc1_1.npz,train
background,loc1,loc1_500/03076_background_loc1_2.npz,train
cv,loc1,loc1_500/02062_cv_loc1_1.npz,train
background,loc1,loc1_500/03291_background_loc1_0.npz,train
background,loc1,loc1_500/00023_background_loc1_4.npz,train
cv,loc1,loc1_500/01917_cv_loc1_0.npz,train
background,loc1,loc1_500/09904_background_loc1_0.npz,train
cv,loc1,loc1_500/00084_cv_loc1_0.npz,train
cv,loc1,loc1_500/02450_cv_loc1_0.npz,train
background,loc1,loc1_500/09933_background_loc1_2.npz,train
car,loc1,loc1_500/00558_car_loc1_0.npz,train
cv,loc1,loc1_500/01865_cv_loc1_1.npz,train
background,loc1,loc1_500/04538_background_loc1_4.npz,train
cv,loc1,loc1_500/00414_cv_loc1_0.npz,train
background,loc1,loc1_500/05427_background_loc1_1.npz,train
background,loc1,loc1_500/08352_background_loc1_1.npz,train
car,loc1,loc1_500/02897_car_loc1_0.npz,train
cv,loc1,loc1_500/02073_cv_loc1_1.npz,train
background,loc1,loc1_500/04300_background_loc1_1.npz,train
background,loc1,loc1_500/09844_background_loc1_2.npz,train
background,loc1,loc1_500/04822_background_loc1_4.npz,train
car,loc1,loc1_500/03075_car_loc1_1.npz,train
cv,loc1,loc1_500/02389_cv_loc1_0.npz,train
cv,loc1,loc1_500/02216_cv_loc1_0.npz,train
background,loc1,loc1_500/05297_background_loc1_3.npz,train
car,loc1,loc1_500/03311_car_loc1_1.npz,train
car,loc1,loc1_500/02577_car_loc1_1.npz,train
background,loc1,loc1_500/04817_background_loc1_5.npz,train
cv,loc1,loc1_500/00185_cv_loc1_0.npz,train
background,loc1,loc1_500/01762_background_loc1_3.npz,train
cv,loc1,loc1_500/01866_cv_loc1_1.npz,train
car,loc1,loc1_500/03755_car_loc1_0.npz,train
cv,loc1,loc1_500/02328_cv_loc1_0.npz,train
cv,loc1,loc1_500/00153_cv_loc1_0.npz,train
cv,loc1,loc1_500/00485_cv_loc1_0.npz,train
cv,loc1,loc1_500/02017_cv_loc1_1.npz,train
cv,loc1,loc1_500/00235_cv_loc1_0.npz,train
car,loc1,loc1_500/03529_car_loc1_1.npz,train
car,loc1,loc1_500/01977_car_loc1_0.npz,train
car,loc1,loc1_500/00355_car_loc1_0.npz,train
car,loc1,loc1_500/02765_car_loc1_1.npz,train
car,loc1,loc1_500/02378_car_loc1_1.npz,train
cv,loc1,loc1_500/01310_cv_loc1_0.npz,train
cv,loc1,loc1_500/00236_cv_loc1_0.npz,train
background,loc1,loc1_500/09235_background_loc1_0.npz,train
car,loc1,loc1_500/00038_car_loc1_0.npz,train
cv,loc1,loc1_500/00054_cv_loc1_0.npz,train
car,loc1,loc1_500/03667_car_loc1_2.npz,train
car,loc1,loc1_500/03308_car_loc1_1.npz,train
background,loc1,loc1_500/09937_background_loc1_6.npz,train
cv,loc1,loc1_500/02218_cv_loc1_0.npz,train
cv,loc1,loc1_500/00139_cv_loc1_0.npz,train
car,loc1,loc1_500/02425_car_loc1_0.npz,train
cv,loc1,loc1_500/00050_cv_loc1_0.npz,train
car,loc1,loc1_500/01326_car_loc1_1.npz,train
background,loc1,loc1_500/05688_background_loc1_0.npz,train
cv,loc1,loc1_500/00496_cv_loc1_0.npz,train
car,loc1,loc1_500/01328_car_loc1_2.npz,train
background,loc1,loc1_500/03705_background_loc1_0.npz,train
cv,loc1,loc1_500/02257_cv_loc1_0.npz,train
car,loc1,loc1_500/00242_car_loc1_0.npz,train
cv,loc1,loc1_500/02314_cv_loc1_0.npz,train
car,loc1,loc1_500/00999_car_loc1_0.npz,train
background,loc1,loc1_500/06247_background_loc1_3.npz,train
car,loc1,loc1_500/01266_car_loc1_0.npz,train
cv,loc1,loc1_500/01868_cv_loc1_1.npz,train
background,loc1,loc1_500/04605_background_loc1_0.npz,train
background,loc1,loc1_500/00223_background_loc1_4.npz,train
car,loc1,loc1_500/03721_car_loc1_1.npz,train
cv,loc1,loc1_500/00338_cv_loc1_0.npz,train
car,loc1,loc1_500/00028_car_loc1_1.npz,train
car,loc1,loc1_500/01945_car_loc1_1.npz,train
car,loc1,loc1_500/01786_car_loc1_0.npz,train
background,loc1,loc1_500/00315_background_loc1_4.npz,train
background,loc1,loc1_500/02611_background_loc1_1.npz,train
cv,loc1,loc1_500/00258_cv_loc1_0.npz,train
cv,loc1,loc1_500/02230_cv_loc1_1.npz,train
background,loc1,loc1_500/03578_background_loc1_0.npz,train
cv,loc1,loc1_500/00240_cv_loc1_0.npz,train
cv,loc1,loc1_500/02099_cv_loc1_0.npz,train
car,loc1,loc1_500/01338_car_loc1_1.npz,train
car,loc1,loc1_500/01507_car_loc1_0.npz,train
car,loc1,loc1_500/00834_car_loc1_0.npz,train
car,loc1,loc1_500/01403_car_loc1_3.npz,train
cv,loc1,loc1_500/00057_cv_loc1_0.npz,train
background,loc1,loc1_500/05755_background_loc1_3.npz,train
cv,loc1,loc1_500/02076_cv_loc1_0.npz,train
car,loc1,loc1_500/01007_car_loc1_0.npz,train
car,loc1,loc1_500/03598_car_loc1_0.npz,train
car,loc1,loc1_500/01452_car_loc1_0.npz,train
cv,loc1,loc1_500/02340_cv_loc1_0.npz,train
cv,loc1,loc1_500/00260_cv_loc1_0.npz,train
car,loc1,loc1_500/02650_car_loc1_2.npz,train
car,loc1,loc1_500/00862_car_loc1_0.npz,train
cv,loc1,loc1_500/02032_cv_loc1_1.npz,train
cv,loc1,loc1_500/00448_cv_loc1_0.npz,train
cv,loc1,loc1_500/02099_cv_loc1_1.npz,train
background,loc1,loc1_500/00329_background_loc1_3.npz,train
cv,loc1,loc1_500/02229_cv_loc1_0.npz,train
background,loc1,loc1_500/00480_background_loc1_2.npz,train
car,loc1,loc1_500/03698_car_loc1_0.npz,train
background,loc1,loc1_500/07971_background_loc1_0.npz,train
background,loc1,loc1_500/07712_background_loc1_0.npz,train
background,loc1,loc1_500/00042_background_loc1_0.npz,train
car,loc1,loc1_500/00741_car_loc1_0.npz,train
car,loc1,loc1_500/01510_car_loc1_0.npz,train
background,loc1,loc1_500/05409_background_loc1_3.npz,train
background,loc1,loc1_500/09207_background_loc1_1.npz,train
cv,loc1,loc1_500/00382_cv_loc1_0.npz,train
car,loc1,loc1_500/03327_car_loc1_1.npz,train
car,loc1,loc1_500/01084_car_loc1_0.npz,train
background,loc1,loc1_500/04811_background_loc1_2.npz,train
car,loc1,loc1_500/02162_car_loc1_0.npz,train
cv,loc1,loc1_500/01941_cv_loc1_0.npz,train
cv,loc1,loc1_500/02064_cv_loc1_1.npz,train
background,loc1,loc1_500/05606_background_loc1_2.npz,train
background,loc1,loc1_500/09878_background_loc1_3.npz,train
cv,loc1,loc1_500/02082_cv_loc1_0.npz,train
car,loc1,loc1_500/02757_car_loc1_1.npz,train
car,loc1,loc1_500/02192_car_loc1_0.npz,train
background,loc1,loc1_500/05715_background_loc1_5.npz,train
car,loc1,loc1_500/03395_car_loc1_0.npz,train
cv,loc1,loc1_500/00081_cv_loc1_0.npz,train
cv,loc1,loc1_500/00435_cv_loc1_0.npz,train
cv,loc1,loc1_500/02451_cv_loc1_1.npz,train
background,loc1,loc1_500/09376_background_loc1_2.npz,train
background,loc1,loc1_500/10092_background_loc1_3.npz,train
background,loc1,loc1_500/03213_background_loc1_0.npz,train
background,loc1,loc1_500/02287_background_loc1_2.npz,train
cv,loc1,loc1_500/00273_cv_loc1_1.npz,train
cv,loc1,loc1_500/02449_cv_loc1_1.npz,train
background,loc1,loc1_500/00430_background_loc1_4.npz,train
car,loc1,loc1_500/02345_car_loc1_1.npz,train
car,loc1,loc1_500/03489_car_loc1_3.npz,train
cv,loc1,loc1_500/02309_cv_loc1_0.npz,train
cv,loc1,loc1_500/02238_cv_loc1_1.npz,train
car,loc1,loc1_500/01000_car_loc1_1.npz,train
car,loc1,loc1_500/00471_car_loc1_1.npz,train
car,loc1,loc1_500/03454_car_loc1_0.npz,train
cv,loc1,loc1_500/01903_cv_loc1_0.npz,train
cv,loc1,loc1_500/01310_cv_loc1_2.npz,train
cv,loc1,loc1_500/01311_cv_loc1_1.npz,train
background,loc1,loc1_500/04003_background_loc1_1.npz,train
cv,loc1,loc1_500/01865_cv_loc1_0.npz,train
car,loc1,loc1_500/02911_car_loc1_0.npz,train
background,loc1,loc1_500/05285_background_loc1_1.npz,train
car,loc1,loc1_500/03480_car_loc1_0.npz,train
background,loc1,loc1_500/00546_background_loc1_5.npz,train
background,loc1,loc1_500/00553_background_loc1_4.npz,train
car,loc1,loc1_500/01825_car_loc1_0.npz,train
background,loc1,loc1_500/03714_background_loc1_0.npz,train
cv,loc1,loc1_500/03735_cv_loc1_0.npz,train
background,loc1,loc1_500/09599_background_loc1_2.npz,train
background,loc1,loc1_500/05123_background_loc1_4.npz,train
car,loc1,loc1_500/01972_car_loc1_0.npz,train
background,loc1,loc1_500/05779_background_loc1_0.npz,train
car,loc1,loc1_500/03582_car_loc1_0.npz,train
background,loc1,loc1_500/09712_background_loc1_1.npz,train
background,loc1,loc1_500/04236_background_loc1_2.npz,train
cv,loc1,loc1_500/00003_cv_loc1_0.npz,train
car,loc1,loc1_500/00751_car_loc1_0.npz,train
background,loc1,loc1_500/01958_background_loc1_1.npz,train
car,loc1,loc1_500/03466_car_loc1_1.npz,train
cv,loc1,loc1_500/03707_cv_loc1_0.npz,train
background,loc1,loc1_500/09881_background_loc1_0.npz,train
background,loc1,loc1_500/05831_background_loc1_0.npz,train
car,loc1,loc1_500/01366_car_loc1_2.npz,train
background,loc1,loc1_500/06306_background_loc1_0.npz,train
background,loc1,loc1_500/00420_background_loc1_3.npz,train
car,loc1,loc1_500/03324_car_loc1_1.npz,train
car,loc1,loc1_500/00473_car_loc1_0.npz,train
background,loc1,loc1_500/05532_background_loc1_5.npz,train
car,loc1,loc1_500/02872_car_loc1_0.npz,train
cv,loc1,loc1_500/01823_cv_loc1_0.npz,train
cv,loc1,loc1_500/01859_cv_loc1_0.npz,train
cv,loc1,loc1_500/02259_cv_loc1_0.npz,train
background,loc1,loc1_500/09994_background_loc1_1.npz,train
background,loc1,loc1_500/09583_background_loc1_5.npz,train
background,loc1,loc1_500/05076_background_loc1_0.npz,train
background,loc1,loc1_500/00174_background_loc1_0.npz,train
background,loc1,loc1_500/01053_background_loc1_0.npz,train
car,loc1,loc1_500/00622_car_loc1_0.npz,train
background,loc1,loc1_500/05242_background_loc1_1.npz,train
background,loc1,loc1_500/06501_background_loc1_2.npz,train
cv,loc1,loc1_500/00096_cv_loc1_0.npz,train
background,loc1,loc1_500/01819_background_loc1_1.npz,train
cv,loc1,loc1_500/01944_cv_loc1_0.npz,train
background,loc1,loc1_500/05888_background_loc1_0.npz,train
background,loc1,loc1_500/05569_background_loc1_5.npz,train
car,loc1,loc1_500/02461_car_loc1_0.npz,train
cv,loc1,loc1_500/00268_cv_loc1_0.npz,train
background,loc1,loc1_500/00425_background_loc1_6.npz,train
background,loc1,loc1_500/06745_background_loc1_0.npz,train
cv,loc1,loc1_500/00493_cv_loc1_0.npz,train
car,loc1,loc1_500/00025_car_loc1_1.npz,train
car,loc1,loc1_500/01520_car_loc1_1.npz,train
background,loc1,loc1_500/03560_background_loc1_0.npz,train
background,loc1,loc1_500/04458_background_loc1_1.npz,train
background,loc1,loc1_500/02093_background_loc1_2.npz,train
cv,loc1,loc1_500/02030_cv_loc1_0.npz,train
cv,loc1,loc1_500/00013_cv_loc1_0.npz,train
car,loc1,loc1_500/03058_car_loc1_0.npz,train
cv,loc1,loc1_500/01866_cv_loc1_0.npz,train
background,loc1,loc1_500/00033_background_loc1_3.npz,train
car,loc1,loc1_500/01730_car_loc1_0.npz,train
cv,loc1,loc1_500/02090_cv_loc1_0.npz,train
cv,loc1,loc1_500/00325_cv_loc1_0.npz,train
background,loc1,loc1_500/05506_background_loc1_0.npz,train
cv,loc1,loc1_500/00399_cv_loc1_0.npz,train
background,loc1,loc1_500/02174_background_loc1_0.npz,train
background,loc1,loc1_500/00239_background_loc1_3.npz,train
cv,loc1,loc1_500/02030_cv_loc1_1.npz,train
car,loc1,loc1_500/03427_car_loc1_2.npz,train
car,loc1,loc1_500/00726_car_loc1_1.npz,train
background,loc1,loc1_500/05522_background_loc1_3.npz,train
car,loc1,loc1_500/00835_car_loc1_0.npz,train
background,loc1,loc1_500/00721_background_loc1_0.npz,train
car,loc1,loc1_500/01264_car_loc1_0.npz,train
cv,loc1,loc1_500/01309_cv_loc1_2.npz,train
car,loc1,loc1_500/01023_car_loc1_0.npz,train
background,loc1,loc1_500/03363_background_loc1_0.npz,train
car,loc1,loc1_500/02899_car_loc1_4.npz,train
cv,loc1,loc1_500/02201_cv_loc1_0.npz,train
car,loc1,loc1_500/01462_car_loc1_0.npz,train
background,loc1,loc1_500/04726_background_loc1_4.npz,train
background,loc1,loc1_500/04971_background_loc1_6.npz,train
background,loc1,loc1_500/06068_background_loc1_0.npz,train
cv,loc1,loc1_500/02100_cv_loc1_0.npz,train
background,loc1,loc1_500/04306_background_loc1_1.npz,train
background,loc1,loc1_500/05220_background_loc1_7.npz,train
background,loc1,loc1_500/04554_background_loc1_5.npz,train
background,loc1,loc1_500/03087_background_loc1_2.npz,train
cv,loc1,loc1_500/00283_cv_loc1_0.npz,train
cv,loc1,loc1_500/01629_cv_loc1_0.npz,train
cv,loc1,loc1_500/00052_cv_loc1_0.npz,train
background,loc1,loc1_500/00256_background_loc1_2.npz,train
background,loc1,loc1_500/05471_background_loc1_5.npz,train
background,loc1,loc1_500/05042_background_loc1_2.npz,train
car,loc1,loc1_500/02676_car_loc1_0.npz,train
background,loc1,loc1_500/04997_background_loc1_1.npz,train
cv,loc1,loc1_500/01309_cv_loc1_1.npz,train
background,loc1,loc1_500/02574_background_loc1_6.npz,train
background,loc1,loc1_500/05307_background_loc1_0.npz,train
cv,loc1,loc1_500/02024_cv_loc1_0.npz,train
background,loc1,loc1_500/05482_background_loc1_5.npz,train
car,loc1,loc1_500/01280_car_loc1_3.npz,train
car,loc1,loc1_500/03092_car_loc1_0.npz,train
car,loc1,loc1_500/01536_car_loc1_0.npz,train
car,loc1,loc1_500/00764_car_loc1_0.npz,train
background,loc1,loc1_500/02651_background_loc1_1.npz,train
car,loc1,loc1_500/03616_car_loc1_2.npz,train
cv,loc1,loc1_500/02051_cv_loc1_0.npz,train
cv,loc1,loc1_500/02058_cv_loc1_0.npz,train
car,loc1,loc1_500/00846_car_loc1_1.npz,train
cv,loc1,loc1_500/02002_cv_loc1_0.npz,train
background,loc1,loc1_500/01094_background_loc1_2.npz,train
background,loc1,loc1_500/09460_background_loc1_1.npz,train
cv,loc1,loc1_500/02078_cv_loc1_0.npz,train
cv,loc1,loc1_500/00140_cv_loc1_0.npz,train
cv,loc1,loc1_500/00257_cv_loc1_0.npz,train
cv,loc1,loc1_500/00082_cv_loc1_0.npz,train
cv,loc1,loc1_500/02335_cv_loc1_0.npz,train
cv,loc1,loc1_500/02248_cv_loc1_0.npz,train
car,loc1,loc1_500/00107_car_loc1_0.npz,train
cv,loc1,loc1_500/00274_cv_loc1_0.npz,train
background,loc1,loc1_500/07888_background_loc1_0.npz,train
car,loc1,loc1_500/03653_car_loc1_0.npz,train
background,loc1,loc1_500/09077_background_loc1_0.npz,train
cv,loc1,loc1_500/02390_cv_loc1_0.npz,train
background,loc1,loc1_500/04463_background_loc1_5.npz,train
cv,loc1,loc1_500/00248_cv_loc1_0.npz,train
car,loc1,loc1_500/00678_car_loc1_2.npz,train
background,loc1,loc1_500/05393_background_loc1_6.npz,train
car,loc1,loc1_500/02117_car_loc1_0.npz,train
background,loc1,loc1_500/00471_background_loc1_7.npz,train
background,loc1,loc1_500/09294_background_loc1_1.npz,train
cv,loc1,loc1_500/00409_cv_loc1_0.npz,train
background,loc1,loc1_500/00520_background_loc1_6.npz,train
car,loc1,loc1_500/01877_car_loc1_1.npz,train
cv,loc1,loc1_500/02129_cv_loc1_0.npz,train
cv,loc1,loc1_500/02449_cv_loc1_0.npz,train
cv,loc1,loc1_500/02098_cv_loc1_1.npz,train
background,loc1,loc1_500/05264_background_loc1_1.npz,train
cv,loc1,loc1_500/02311_cv_loc1_0.npz,train
car,loc1,loc1_500/03664_car_loc1_0.npz,train
car,loc1,loc1_500/02824_car_loc1_2.npz,train
cv,loc1,loc1_500/02060_cv_loc1_0.npz,train
cv,loc1,loc1_500/03736_cv_loc1_0.npz,train
cv,loc1,loc1_500/02212_cv_loc1_0.npz,train
background,loc1,loc1_500/08772_background_loc1_0.npz,train
cv,loc1,loc1_500/01310_cv_loc1_4.npz,train
cv,loc1,loc1_500/02142_cv_loc1_0.npz,train
cv,loc1,loc1_500/02274_cv_loc1_0.npz,train
background,loc1,loc1_500/09714_background_loc1_1.npz,train
car,loc1,loc1_500/00752_car_loc1_0.npz,train
cv,loc1,loc1_500/02451_cv_loc1_0.npz,train
cv,loc1,loc1_500/00279_cv_loc1_0.npz,train
cv,loc1,loc1_500/00043_cv_loc1_0.npz,train
car,loc1,loc1_500/03816_car_loc1_1.npz,train
background,loc1,loc1_500/04966_background_loc1_4.npz,train
cv,loc1,loc1_500/02250_cv_loc1_0.npz,train
cv,loc1,loc1_500/02132_cv_loc1_1.npz,train
background,loc1,loc1_500/10134_background_loc1_3.npz,train
car,loc1,loc1_500/01339_car_loc1_1.npz,train
car,loc1,loc1_500/03627_car_loc1_0.npz,train
cv,loc1,loc1_500/02074_cv_loc1_1.npz,train
cv,loc1,loc1_500/03733_cv_loc1_0.npz,train
cv,loc1,loc1_500/00079_cv_loc1_0.npz,train
car,loc1,loc1_500/00859_car_loc1_1.npz,train
car,loc1,loc1_500/00286_car_loc1_1.npz,train
cv,loc1,loc1_500/02079_cv_loc1_1.npz,train
background,loc1,loc1_500/00277_background_loc1_0.npz,train
car,loc1,loc1_500/01327_car_loc1_1.npz,train
background,loc1,loc1_500/04757_background_loc1_3.npz,train
cv,loc1,loc1_500/01311_cv_loc1_2.npz,train
cv,loc1,loc1_500/02473_cv_loc1_0.npz,train
cv,loc1,loc1_500/01309_cv_loc1_3.npz,train
car,loc1,loc1_500/00913_car_loc1_0.npz,train
car,loc1,loc1_500/02755_car_loc1_0.npz,train
car,loc1,loc1_500/02243_car_loc1_0.npz,train
cv,loc1,loc1_500/02245_cv_loc1_0.npz,train
car,loc1,loc1_500/02641_car_loc1_2.npz,train
car,loc1,loc1_500/00937_car_loc1_1.npz,train
car,loc1,loc1_500/00898_car_loc1_0.npz,train
cv,loc1,loc1_500/02031_cv_loc1_0.npz,train
background,loc1,loc1_500/00068_background_loc1_0.npz,train
cv,loc1,loc1_500/02449_cv_loc1_0.npz,train
background,loc1,loc1_500/03238_background_loc1_0.npz,train
car,loc1,loc1_500/02681_car_loc1_0.npz,train
background,loc1,loc1_500/03797_background_loc1_0.npz,train
car,loc1,loc1_500/01338_car_loc1_0.npz,train
cv,loc1,loc1_500/02336_cv_loc1_0.npz,train
car,loc1,loc1_500/03213_car_loc1_1.npz,train
cv,loc1,loc1_500/00413_cv_loc1_0.npz,train
background,loc1,loc1_500/05082_background_loc1_1.npz,train
background,loc1,loc1_500/05222_background_loc1_5.npz,train
car,loc1,loc1_500/02460_car_loc1_0.npz,train
background,loc1,loc1_500/02483_background_loc1_2.npz,train
background,loc1,loc1_500/03905_background_loc1_0.npz,train
cv,loc1,loc1_500/00495_cv_loc1_0.npz,train
cv,loc1,loc1_500/02452_cv_loc1_1.npz,train
background,loc1,loc1_500/00778_background_loc1_6.npz,train
car,loc1,loc1_500/01489_car_loc1_0.npz,train
cv,loc1,loc1_500/00386_cv_loc1_0.npz,train
background,loc1,loc1_500/01673_background_loc1_0.npz,train
background,loc1,loc1_500/06819_background_loc1_0.npz,train
background,loc1,loc1_500/00142_background_loc1_1.npz,train
car,loc1,loc1_500/03406_car_loc1_0.npz,train
cv,loc1,loc1_500/02374_cv_loc1_0.npz,train
background,loc1,loc1_500/05121_background_loc1_1.npz,train
cv,loc1,loc1_500/00274_cv_loc1_1.npz,train
background,loc1,loc1_500/00553_background_loc1_6.npz,train
car,loc1,loc1_500/03791_car_loc1_0.npz,train
cv,loc1,loc1_500/01993_cv_loc1_0.npz,train
car,loc1,loc1_500/00795_car_loc1_1.npz,train
background,loc1,loc1_500/00769_background_loc1_3.npz,train
cv,loc1,loc1_500/02232_cv_loc1_0.npz,train
car,loc1,loc1_500/00817_car_loc1_0.npz,train
cv,loc1,loc1_500/02392_cv_loc1_0.npz,train
background,loc1,loc1_500/07915_background_loc1_2.npz,train
cv,loc1,loc1_500/03708_cv_loc1_0.npz,train
cv,loc1,loc1_500/02322_cv_loc1_0.npz,train
background,loc1,loc1_500/04980_background_loc1_5.npz,train
background,loc1,loc1_500/05787_background_loc1_1.npz,train
cv,loc1,loc1_500/02077_cv_loc1_1.npz,train
cv,loc1,loc1_500/01996_cv_loc1_1.npz,train
car,loc1,loc1_500/00439_car_loc1_0.npz,train
car,loc1,loc1_500/03741_car_loc1_2.npz,train
background,loc1,loc1_500/05325_background_loc1_4.npz,train
car,loc1,loc1_500/00408_car_loc1_0.npz,train
background,loc1,loc1_500/09686_background_loc1_1.npz,train
car,loc1,loc1_500/03816_car_loc1_0.npz,train
background,loc1,loc1_500/09486_background_loc1_1.npz,train
background,loc1,loc1_500/08753_background_loc1_0.npz,train
background,loc1,loc1_500/05818_background_loc1_3.npz,train
car,loc1,loc1_500/00623_car_loc1_0.npz,train
background,loc1,loc1_500/09205_background_loc1_0.npz,train
cv,loc1,loc1_500/01996_cv_loc1_0.npz,train
car,loc1,loc1_500/01806_car_loc1_0.npz,train
background,loc1,loc1_500/00532_background_loc1_5.npz,train
car,loc1,loc1_500/02650_car_loc1_1.npz,train
cv,loc1,loc1_500/02326_cv_loc1_0.npz,train
cv,loc1,loc1_500/02325_cv_loc1_0.npz,train
car,loc1,loc1_500/01971_car_loc1_0.npz,train
background,loc1,loc1_500/02071_background_loc1_0.npz,train
cv,loc1,loc1_500/02204_cv_loc1_0.npz,train
cv,loc1,loc1_500/02353_cv_loc1_0.npz,train
cv,loc1,loc1_500/02231_cv_loc1_0.npz,train
car,loc1,loc1_500/01736_car_loc1_1.npz,train
car,loc1,loc1_500/03064_car_loc1_0.npz,train
cv,loc1,loc1_500/02069_cv_loc1_1.npz,train
car,loc1,loc1_500/01335_car_loc1_0.npz,train
cv,loc1,loc1_500/02229_cv_loc1_0.npz,train
car,loc1,loc1_500/01388_car_loc1_3.npz,train
background,loc1,loc1_500/07545_background_loc1_0.npz,train
cv,loc1,loc1_500/00203_cv_loc1_0.npz,train
background,loc1,loc1_500/05223_background_loc1_7.npz,train
background,loc1,loc1_500/05845_background_loc1_2.npz,train
background,loc1,loc1_500/00320_background_loc1_6.npz,train
background,loc1,loc1_500/04556_background_loc1_3.npz,train
cv,loc1,loc1_500/00239_cv_loc1_0.npz,train
cv,loc1,loc1_500/00276_cv_loc1_1.npz,train
car,loc1,loc1_500/03657_car_loc1_3.npz,train
car,loc1,loc1_500/02793_car_loc1_2.npz,train
background,loc1,loc1_500/00583_background_loc1_4.npz,train
background,loc1,loc1_500/00051_background_loc1_1.npz,train
car,loc1,loc1_500/01588_car_loc1_0.npz,train
background,loc1,loc1_500/05799_background_loc1_1.npz,train
background,loc1,loc1_500/05480_background_loc1_1.npz,train
car,loc1,loc1_500/01476_car_loc1_2.npz,train
background,loc1,loc1_500/09983_background_loc1_4.npz,train
car,loc1,loc1_500/02472_car_loc1_0.npz,train
cv,loc1,loc1_500/02239_cv_loc1_1.npz,train
car,loc1,loc1_500/03177_car_loc1_2.npz,train
cv,loc1,loc1_500/02246_cv_loc1_0.npz,train
cv,loc1,loc1_500/02409_cv_loc1_0.npz,train
car,loc1,loc1_500/03541_car_loc1_0.npz,train
background,loc1,loc1_500/10065_background_loc1_1.npz,train
car,loc1,loc1_500/03198_car_loc1_1.npz,train
cv,loc1,loc1_500/02220_cv_loc1_0.npz,train
car,loc1,loc1_500/01028_car_loc1_1.npz,train
cv,loc1,loc1_500/02310_cv_loc1_0.npz,train
cv,loc1,loc1_500/00014_cv_loc1_0.npz,train
background,loc1,loc1_500/04857_background_loc1_0.npz,train
cv,loc1,loc1_500/02017_cv_loc1_0.npz,train
cv,loc1,loc1_500/01995_cv_loc1_0.npz,train
car,loc1,loc1_500/00035_car_loc1_0.npz,train
car,loc1,loc1_500/03313_car_loc1_0.npz,train
background,loc1,loc1_500/00160_background_loc1_1.npz,train
cv,loc1,loc1_500/02072_cv_loc1_0.npz,train
cv,loc1,loc1_500/00053_cv_loc1_0.npz,train
car,loc1,loc1_500/01984_car_loc1_2.npz,train
car,loc1,loc1_500/00597_car_loc1_1.npz,train
background,loc1,loc1_500/06326_background_loc1_0.npz,train
cv,loc1,loc1_500/00139_cv_loc1_0.npz,train
cv,loc1,loc1_500/01865_cv_loc1_3.npz,train
cv,loc1,loc1_500/01865_cv_loc1_2.npz,train
car,loc1,loc1_500/00963_car_loc1_0.npz,train
cv,loc1,loc1_500/02011_cv_loc1_0.npz,train
cv,loc1,loc1_500/01312_cv_loc1_0.npz,train
background,loc1,loc1_500/04869_background_loc1_5.npz,train
background,loc1,loc1_500/05576_background_loc1_3.npz,train
background,loc1,loc1_500/10021_background_loc1_2.npz,train
car,loc1,loc1_500/03669_car_loc1_0.npz,train
car,loc1,loc1_500/02485_car_loc1_1.npz,train
background,loc1,loc1_500/00727_background_loc1_3.npz,train
background,loc1,loc1_500/09869_background_loc1_1.npz,train
background,loc1,loc1_500/05130_background_loc1_4.npz,train
cv,loc1,loc1_500/02373_cv_loc1_0.npz,train
cv,loc1,loc1_500/02323_cv_loc1_0.npz,train
car,loc1,loc1_500/03444_car_loc1_0.npz,train
car,loc1,loc1_500/01912_car_loc1_0.npz,train
cv,loc1,loc1_500/00001_cv_loc1_0.npz,train
car,loc1,loc1_500/03612_car_loc1_0.npz,train
background,loc1,loc1_500/05601_background_loc1_2.npz,train
cv,loc1,loc1_500/00137_cv_loc1_0.npz,train
cv,loc1,loc1_500/02211_cv_loc1_0.npz,train
cv,loc1,loc1_500/00100_cv_loc1_0.npz,train
car,loc1,loc1_500/01834_car_loc1_1.npz,train
car,loc1,loc1_500/02848_car_loc1_0.npz,train
cv,loc1,loc1_500/00245_cv_loc1_0.npz,train
car,loc1,loc1_500/01714_car_loc1_1.npz,train
car,loc1,loc1_500/00998_car_loc1_1.npz,train
background,loc1,loc1_500/07825_background_loc1_0.npz,train
cv,loc1,loc1_500/00412_cv_loc1_0.npz,train
background,loc1,loc1_500/05146_background_loc1_0.npz,train
background,loc1,loc1_500/05664_background_loc1_4.npz,train
car,loc1,loc1_500/03059_car_loc1_1.npz,train
car,loc1,loc1_500/00840_car_loc1_0.npz,train
cv,loc1,loc1_500/00414_cv_loc1_1.npz,train
cv,loc1,loc1_500/02003_cv_loc1_0.npz,train
car,loc1,loc1_500/02878_car_loc1_0.npz,train
car,loc1,loc1_500/01003_car_loc1_0.npz,train
car,loc1,loc1_500/03171_car_loc1_0.npz,train
cv,loc1,loc1_500/02252_cv_loc1_0.npz,train
cv,loc1,loc1_500/00385_cv_loc1_0.npz,train
car,loc1,loc1_500/03333_car_loc1_0.npz,train
background,loc1,loc1_500/03478_background_loc1_0.npz,train
background,loc1,loc1_500/09717_background_loc1_0.npz,train
car,loc1,loc1_500/03652_car_loc1_0.npz,train
background,loc1,loc1_500/08091_background_loc1_0.npz,train
background,loc1,loc1_500/05317_background_loc1_1.npz,train
car,loc1,loc1_500/02466_car_loc1_0.npz,train
cv,loc1,loc1_500/01312_cv_loc1_1.npz,train
background,loc1,loc1_500/04086_background_loc1_3.npz,train
background,loc1,loc1_500/07726_background_loc1_0.npz,train
cv,loc1,loc1_500/02029_cv_loc1_1.npz,train
cv,loc1,loc1_500/02143_cv_loc1_0.npz,train
cv,loc1,loc1_500/01311_cv_loc1_0.npz,train
cv,loc1,loc1_500/01312_cv_loc1_3.npz,train
cv,loc1,loc1_500/00201_cv_loc1_0.npz,train
car,loc1,loc1_500/03643_car_loc1_1.npz,train
background,loc1,loc1_500/04998_background_loc1_3.npz,train
cv,loc1,loc1_500/01858_cv_loc1_0.npz,train
cv,loc1,loc1_500/02023_cv_loc1_0.npz,train
background,loc1,loc1_500/00567_background_loc1_2.npz,train
car,loc1,loc1_500/00543_car_loc1_0.npz,train
cv,loc1,loc1_500/00016_cv_loc1_0.npz,train
cv,loc1,loc1_500/02130_cv_loc1_1.npz,train
background,loc1,loc1_500/00268_background_loc1_3.npz,train
background,loc1,loc1_500/04567_background_loc1_3.npz,train
car,loc1,loc1_500/01777_car_loc1_0.npz,train
car,loc1,loc1_500/03469_car_loc1_1.npz,train
cv,loc1,loc1_500/01312_cv_loc1_0.npz,train
background,loc1,loc1_500/05066_background_loc1_2.npz,train
background,loc1,loc1_500/00908_background_loc1_0.npz,train
background,loc1,loc1_500/00361_background_loc1_0.npz,train
cv,loc1,loc1_500/02475_cv_loc1_0.npz,train
cv,loc1,loc1_500/02144_cv_loc1_0.npz,train
cv,loc1,loc1_500/00260_cv_loc1_0.npz,train
car,loc1,loc1_500/00314_car_loc1_0.npz,train
cv,loc1,loc1_500/00383_cv_loc1_0.npz,train
background,loc1,loc1_500/04873_background_loc1_2.npz,train
cv,loc1,loc1_500/00187_cv_loc1_0.npz,train
background,loc1,loc1_500/02255_background_loc1_0.npz,train
cv,loc1,loc1_500/01918_cv_loc1_0.npz,train
background,loc1,loc1_500/01397_background_loc1_3.npz,train
car,loc1,loc1_500/01799_car_loc1_0.npz,train
background,loc1,loc1_500/08389_background_loc1_0.npz,train
car,loc1,loc1_500/02730_car_loc1_0.npz,train
car,loc1,loc1_500/00930_car_loc1_0.npz,train
background,loc1,loc1_500/00129_background_loc1_5.npz,train
cv,loc1,loc1_500/00326_cv_loc1_0.npz,train
car,loc1,loc1_500/03237_car_loc1_2.npz,train
cv,loc1,loc1_500/00400_cv_loc1_0.npz,train
cv,loc1,loc1_500/01937_cv_loc1_0.npz,train
car,loc1,loc1_500/03387_car_loc1_0.npz,train
car,loc1,loc1_500/02978_car_loc1_2.npz,train
cv,loc1,loc1_500/00234_cv_loc1_0.npz,train
background,loc1,loc1_500/06702_background_loc1_0.npz,train
car,loc1,loc1_500/01523_car_loc1_1.npz,val
cv,loc1,loc1_500/02100_cv_loc1_1.npz,val
background,loc1,loc1_500/05139_background_loc1_5.npz,val
cv,loc1,loc1_500/01920_cv_loc1_0.npz,val
cv,loc1,loc1_500/00275_cv_loc1_1.npz,val
car,loc1,loc1_500/02845_car_loc1_0.npz,val
cv,loc1,loc1_500/00252_cv_loc1_0.npz,val
car,loc1,loc1_500/00598_car_loc1_4.npz,val
car,loc1,loc1_500/03486_car_loc1_0.npz,val
car,loc1,loc1_500/00633_car_loc1_1.npz,val
background,loc1,loc1_500/01591_background_loc1_1.npz,val
background,loc1,loc1_500/01145_background_loc1_1.npz,val
cv,loc1,loc1_500/00152_cv_loc1_0.npz,val
background,loc1,loc1_500/00292_background_loc1_3.npz,val
cv,loc1,loc1_500/01824_cv_loc1_0.npz,val
cv,loc1,loc1_500/02078_cv_loc1_1.npz,val
cv,loc1,loc1_500/01867_cv_loc1_1.npz,val
cv,loc1,loc1_500/00410_cv_loc1_0.npz,val
background,loc1,loc1_500/04719_background_loc1_1.npz,val
cv,loc1,loc1_500/00078_cv_loc1_0.npz,val
cv,loc1,loc1_500/01309_cv_loc1_0.npz,val
background,loc1,loc1_500/04418_background_loc1_0.npz,val
background,loc1,loc1_500/05689_background_loc1_3.npz,val
background,loc1,loc1_500/00440_background_loc1_3.npz,val
car,loc1,loc1_500/02979_car_loc1_0.npz,val
cv,loc1,loc1_500/00097_cv_loc1_0.npz,val
cv,loc1,loc1_500/02020_cv_loc1_1.npz,val
background,loc1,loc1_500/10056_background_loc1_7.npz,val
background,loc1,loc1_500/05270_background_loc1_3.npz,val
car,loc1,loc1_500/01758_car_loc1_1.npz,val
car,loc1,loc1_500/03075_car_loc1_0.npz,val
cv,loc1,loc1_500/02098_cv_loc1_0.npz,val
car,loc1,loc1_500/03100_car_loc1_0.npz,val
cv,loc1,loc1_500/02071_cv_loc1_0.npz,val
background,loc1,loc1_500/07837_background_loc1_1.npz,val
car,loc1,loc1_500/01012_car_loc1_0.npz,val
car,loc1,loc1_500/02478_car_loc1_0.npz,val
car,loc1,loc1_500/02429_car_loc1_0.npz,val
background,loc1,loc1_500/09558_background_loc1_0.npz,val
car,loc1,loc1_500/02876_car_loc1_1.npz,val
car,loc1,loc1_500/02281_car_loc1_0.npz,val
car,loc1,loc1_500/01483_car_loc1_1.npz,val
car,loc1,loc1_500/02266_car_loc1_0.npz,val
background,loc1,loc1_500/03618_background_loc1_2.npz,val
cv,loc1,loc1_500/00186_cv_loc1_0.npz,val
cv,loc1,loc1_500/00127_cv_loc1_0.npz,val
background,loc1,loc1_500/05288_background_loc1_2.npz,val
background,loc1,loc1_500/00819_background_loc1_0.npz,val
cv,loc1,loc1_500/00188_cv_loc1_0.npz,val
background,loc1,loc1_500/00647_background_loc1_1.npz,val
car,loc1,loc1_500/01092_car_loc1_2.npz,val
car,loc1,loc1_500/01097_car_loc1_2.npz,val
cv,loc1,loc1_500/02131_cv_loc1_1.npz,val
background,loc1,loc1_500/02992_background_loc1_3.npz,val
background,loc1,loc1_500/00364_background_loc1_5.npz,val
car,loc1,loc1_500/00587_car_loc1_0.npz,val
background,loc1,loc1_500/05598_background_loc1_3.npz,val
background,loc1,loc1_500/03847_background_loc1_0.npz,val
cv,loc1,loc1_500/00494_cv_loc1_0.npz,val
cv,loc1,loc1_500/02215_cv_loc1_0.npz,val
cv,loc1,loc1_500/00098_cv_loc1_0.npz,val
car,loc1,loc1_500/02148_car_loc1_0.npz,val
background,loc1,loc1_500/10095_background_loc1_3.npz,val
cv,loc1,loc1_500/00281_cv_loc1_0.npz,val
cv,loc1,loc1_500/02032_cv_loc1_0.npz,val
cv,loc1,loc1_500/00246_cv_loc1_1.npz,val
cv,loc1,loc1_500/02071_cv_loc1_1.npz,val
background,loc1,loc1_500/00550_background_loc1_0.npz,val
cv,loc1,loc1_500/00056_cv_loc1_0.npz,val
background,loc1,loc1_500/04428_background_loc1_1.npz,val
car,loc1,loc1_500/03628_car_loc1_0.npz,val
background,loc1,loc1_500/09017_background_loc1_1.npz,val
cv,loc1,loc1_500/00413_cv_loc1_0.npz,val
background,loc1,loc1_500/05564_background_loc1_4.npz,val
car,loc1,loc1_500/00995_car_loc1_1.npz,val
car,loc1,loc1_500/03174_car_loc1_0.npz,val
cv,loc1,loc1_500/02319_cv_loc1_0.npz,val
background,loc1,loc1_500/07439_background_loc1_2.npz,val
car,loc1,loc1_500/00504_car_loc1_1.npz,val
cv,loc1,loc1_500/02018_cv_loc1_0.npz,val
background,loc1,loc1_500/00318_background_loc1_6.npz,val
background,loc1,loc1_500/06477_background_loc1_1.npz,val
cv,loc1,loc1_500/03734_cv_loc1_0.npz,val
cv,loc1,loc1_500/00277_cv_loc1_0.npz,val
car,loc1,loc1_500/01115_car_loc1_0.npz,val
car,loc1,loc1_500/01272_car_loc1_2.npz,val
car,loc1,loc1_500/02359_car_loc1_1.npz,val
car,loc1,loc1_500/02054_car_loc1_0.npz,val
car,loc1,loc1_500/01947_car_loc1_2.npz,val
cv,loc1,loc1_500/00055_cv_loc1_0.npz,val
cv,loc1,loc1_500/02214_cv_loc1_0.npz,val
car,loc1,loc1_500/03576_car_loc1_0.npz,val
car,loc1,loc1_500/00209_car_loc1_0.npz,val
background,loc1,loc1_500/00040_background_loc1_2.npz,val
background,loc1,loc1_500/09637_background_loc1_0.npz,val
cv,loc1,loc1_500/03705_cv_loc1_0.npz,val
cv,loc1,loc1_500/02273_cv_loc1_0.npz,val
background,loc1,loc1_500/02055_background_loc1_1.npz,val
cv,loc1,loc1_500/02129_cv_loc1_1.npz,val
car,loc1,loc1_500/00808_car_loc1_0.npz,val
car,loc1,loc1_500/01448_car_loc1_1.npz,val
car,loc1,loc1_500/01005_car_loc1_0.npz,val
cv,loc1,loc1_500/02249_cv_loc1_0.npz,val
car,loc1,loc1_500/03816_car_loc1_2.npz,val
car,loc1,loc1_500/02805_car_loc1_0.npz,val
background,loc1,loc1_500/10122_background_loc1_2.npz,val
background,loc1,loc1_500/05353_background_loc1_2.npz,val
cv,loc1,loc1_500/02020_cv_loc1_0.npz,val
car,loc1,loc1_500/00510_car_loc1_0.npz,val
car,loc1,loc1_500/01255_car_loc1_0.npz,val
background,loc1,loc1_500/07559_background_loc1_0.npz,val
car,loc1,loc1_500/02957_car_loc1_0.npz,val
background,loc1,loc1_500/09660_background_loc1_7.npz,val
car,loc1,loc1_500/01004_car_loc1_1.npz,val
background,loc1,loc1_500/05204_background_loc1_1.npz,val
cv,loc1,loc1_500/02203_cv_loc1_0.npz,val
cv,loc1,loc1_500/00339_cv_loc1_0.npz,val
cv,loc1,loc1_500/02475_cv_loc1_0.npz,val
background,loc1,loc1_500/04322_background_loc1_1.npz,val
cv,loc1,loc1_500/00077_cv_loc1_0.npz,val
background,loc1,loc1_500/07242_background_loc1_1.npz,val
cv,loc1,loc1_500/00810_cv_loc1_0.npz,val
background,loc1,loc1_500/00552_background_loc1_1.npz,val
cv,loc1,loc1_500/00811_cv_loc1_0.npz,val
car,loc1,loc1_500/02675_car_loc1_1.npz,val
background,loc1,loc1_500/00071_background_loc1_6.npz,val
background,loc1,loc1_500/00843_background_loc1_2.npz,val
cv,loc1,loc1_500/00042_cv_loc1_1.npz,val
car,loc1,loc1_500/00183_car_loc1_0.npz,val
car,loc1,loc1_500/01558_car_loc1_2.npz,val
cv,loc1,loc1_500/00218_cv_loc1_0.npz,val
background,loc1,loc1_500/09656_background_loc1_0.npz,val
background,loc1,loc1_500/10036_background_loc1_5.npz,val
background,loc1,loc1_500/09439_background_loc1_1.npz,val
cv,loc1,loc1_500/01312_cv_loc1_2.npz,val
car,loc1,loc1_500/03444_car_loc1_1.npz,val
car,loc1,loc1_500/03679_car_loc1_3.npz,val
cv,loc1,loc1_500/00223_cv_loc1_0.npz,val
background,loc1,loc1_500/05179_background_loc1_2.npz,val
cv,loc1,loc1_500/00297_cv_loc1_0.npz,val
car,loc1,loc1_500/02813_car_loc1_0.npz,val
cv,loc1,loc1_500/01309_cv_loc1_4.npz,val
background,loc1,loc1_500/00012_background_loc1_0.npz,val
background,loc1,loc1_500/00204_background_loc1_3.npz,val
background,loc1,loc1_500/02288_background_loc1_1.npz,val
cv,loc1,loc1_500/02079_cv_loc1_0.npz,val
car,loc1,loc1_500/02343_car_loc1_0.npz,val
background,loc1,loc1_500/00503_background_loc1_3.npz,val
cv,loc1,loc1_500/01868_cv_loc1_0.npz,val
car,loc1,loc1_500/01238_car_loc1_1.npz,val
background,loc1,loc1_500/05112_background_loc1_5.npz,val
cv,loc1,loc1_500/01940_cv_loc1_0.npz,val
car,loc1,loc1_500/00583_car_loc1_1.npz,val
background,loc1,loc1_500/06130_background_loc1_3.npz,val
cv,loc1,loc1_500/02356_cv_loc1_0.npz,val
car,loc1,loc1_500/03251_car_loc1_0.npz,val
car,loc1,loc1_500/01576_car_loc1_0.npz,val
cv,loc1,loc1_500/02240_cv_loc1_0.npz,val
car,loc1,loc1_500/01440_car_loc1_2.npz,val
car,loc1,loc1_500/01451_car_loc1_0.npz,val
car,loc1,loc1_500/03570_car_loc1_1.npz,val
cv,loc1,loc1_500/00217_cv_loc1_0.npz,val
cv,loc1,loc1_500/00280_cv_loc1_0.npz,val
car,loc1,loc1_500/03172_car_loc1_0.npz,val
background,loc1,loc1_500/01839_background_loc1_0.npz,val
background,loc1,loc1_500/00476_background_loc1_4.npz,val
background,loc1,loc1_500/01087_background_loc1_2.npz,val
background,loc1,loc1_500/00385_background_loc1_2.npz,val
car,loc1,loc1_500/01735_car_loc1_1.npz,val
cv,loc1,loc1_500/02313_cv_loc1_0.npz,val
background,loc1,loc1_500/00325_background_loc1_0.npz,val
car,loc1,loc1_500/03141_car_loc1_0.npz,val
cv,loc1,loc1_500/00217_cv_loc1_0.npz,val
background,loc1,loc1_500/10106_background_loc1_4.npz,val
background,loc1,loc1_500/09584_background_loc1_3.npz,val
background,loc1,loc1_500/07495_background_loc1_3.npz,val
background,loc1,loc1_500/10110_background_loc1_3.npz,val
background,loc1,loc1_500/05102_background_loc1_3.npz,val
cv,loc1,loc1_500/00080_cv_loc1_0.npz,val
cv,loc1,loc1_500/02059_cv_loc1_0.npz,val
background,loc1,loc1_500/00080_background_loc1_1.npz,val
car,loc1,loc1_500/00943_car_loc1_0.npz,val
cv,loc1,loc1_500/00249_cv_loc1_0.npz,val
car,loc1,loc1_500/01702_car_loc1_0.npz,val
car,loc1,loc1_500/01521_car_loc1_1.npz,val
car,loc1,loc1_500/03210_car_loc1_1.npz,val
cv,loc1,loc1_500/02476_cv_loc1_0.npz,val
background,loc1,loc1_500/01737_background_loc1_3.npz,val
car,loc1,loc1_500/01731_car_loc1_1.npz,val
cv,loc1,loc1_500/02317_cv_loc1_0.npz,val
car,loc1,loc1_500/01056_car_loc1_1.npz,val
cv,loc1,loc1_500/02237_cv_loc1_0.npz,val
car,loc1,loc1_500/01670_car_loc1_2.npz,val
car,loc1,loc1_500/00440_car_loc1_0.npz,val
background,loc1,loc1_500/01185_background_loc1_1.npz,val
car,loc1,loc1_500/01521_car_loc1_0.npz,val
cv,loc1,loc1_500/02050_cv_loc1_0.npz,val
car,loc1,loc1_500/02486_car_loc1_1.npz,val
car,loc1,loc1_500/01747_car_loc1_0.npz,val
background,loc1,loc1_500/07069_background_loc1_0.npz,val
car,loc1,loc1_500/01248_car_loc1_1.npz,val
background,loc1,loc1_500/04763_background_loc1_2.npz,val
car,loc1,loc1_500/01083_car_loc1_0.npz,val
background,loc1,loc1_500/09532_background_loc1_1.npz,val
cv,loc1,loc1_500/00004_cv_loc1_0.npz,val
cv,loc1,loc1_500/01819_cv_loc1_0.npz,val
car,loc1,loc1_500/01697_car_loc1_0.npz,val
cv,loc1,loc1_500/02315_cv_loc1_0.npz,val
cv,loc1,loc1_500/00044_cv_loc1_1.npz,val
background,loc1,loc1_500/01404_background_loc1_0.npz,val
cv,loc1,loc1_500/00222_cv_loc1_0.npz,val
cv,loc1,loc1_500/00487_cv_loc1_0.npz,val
cv,loc1,loc1_500/00094_cv_loc1_0.npz,val
car,loc1,loc1_500/00090_car_loc1_0.npz,val
car,loc1,loc1_500/00166_car_loc1_0.npz,val
background,loc1,loc1_500/07721_background_loc1_0.npz,val
background,loc1,loc1_500/00701_background_loc1_0.npz,val
car,loc1,loc1_500/02244_car_loc1_0.npz,val
background,loc1,loc1_500/08681_background_loc1_0.npz,val
background,loc1,loc1_500/03972_background_loc1_0.npz,val
cv,loc1,loc1_500/00227_cv_loc1_0.npz,val
background,loc1,loc1_500/02863_background_loc1_0.npz,val
background,loc1,loc1_500/08230_background_loc1_2.npz,val
cv,loc1,loc1_500/00126_cv_loc1_0.npz,val
car,loc1,loc1_500/01056_car_loc1_2.npz,val
background,loc1,loc1_500/05205_background_loc1_5.npz,val
car,loc1,loc1_500/03618_car_loc1_1.npz,test
background,loc1,loc1_500/02708_background_loc1_2.npz,test
car,loc1,loc1_500/00106_car_loc1_0.npz,test
background,loc1,loc1_500/07071_background_loc1_0.npz,test
background,loc1,loc1_500/05606_background_loc1_4.npz,test
cv,loc1,loc1_500/02097_cv_loc1_1.npz,test
background,loc1,loc1_500/05166_background_loc1_3.npz,test
background,loc1,loc1_500/05417_background_loc1_6.npz,test
car,loc1,loc1_500/03278_car_loc1_0.npz,test
background,loc1,loc1_500/10135_background_loc1_3.npz,test
cv,loc1,loc1_500/01310_cv_loc1_1.npz,test
background,loc1,loc1_500/00164_background_loc1_3.npz,test
background,loc1,loc1_500/00036_background_loc1_4.npz,test
car,loc1,loc1_500/03558_car_loc1_0.npz,test
car,loc1,loc1_500/00851_car_loc1_0.npz,test
car,loc1,loc1_500/03339_car_loc1_0.npz,test
cv,loc1,loc1_500/02029_cv_loc1_0.npz,test
cv,loc1,loc1_500/00228_cv_loc1_0.npz,test
car,loc1,loc1_500/02914_car_loc1_0.npz,test
cv,loc1,loc1_500/01994_cv_loc1_1.npz,test
car,loc1,loc1_500/00353_car_loc1_0.npz,test
cv,loc1,loc1_500/00204_cv_loc1_0.npz,test
background,loc1,loc1_500/00325_background_loc1_1.npz,test
background,loc1,loc1_500/00263_background_loc1_3.npz,test
car,loc1,loc1_500/00713_car_loc1_2.npz,test
background,loc1,loc1_500/10126_background_loc1_2.npz,test
car,loc1,loc1_500/01583_car_loc1_0.npz,test
car,loc1,loc1_500/01953_car_loc1_0.npz,test
background,loc1,loc1_500/07052_background_loc1_0.npz,test
car,loc1,loc1_500/01321_car_loc1_2.npz,test
background,loc1,loc1_500/00249_background_loc1_2.npz,test
cv,loc1,loc1_500/02258_cv_loc1_0.npz,test
background,loc1,loc1_500/06826_background_loc1_1.npz,test
car,loc1,loc1_500/01675_car_loc1_1.npz,test
background,loc1,loc1_500/04077_background_loc1_0.npz,test
background,loc1,loc1_500/08861_background_loc1_0.npz,test
car,loc1,loc1_500/00880_car_loc1_1.npz,test
car,loc1,loc1_500/03314_car_loc1_0.npz,test
cv,loc1,loc1_500/00411_cv_loc1_0.npz,test
car,loc1,loc1_500/01143_car_loc1_1.npz,test
cv,loc1,loc1_500/02260_cv_loc1_0.npz,test
car,loc1,loc1_500/01018_car_loc1_0.npz,test
background,loc1,loc1_500/09646_background_loc1_4.npz,test
car,loc1,loc1_500/02701_car_loc1_0.npz,test
cv,loc1,loc1_500/00298_cv_loc1_0.npz,test
cv,loc1,loc1_500/00273_cv_loc1_0.npz,test
background,loc1,loc1_500/03060_background_loc1_0.npz,test
cv,loc1,loc1_500/01818_cv_loc1_0.npz,test
cv,loc1,loc1_500/01942_cv_loc1_1.npz,test
car,loc1,loc1_500/02760_car_loc1_2.npz,test
cv,loc1,loc1_500/00812_cv_loc1_0.npz,test
background,loc1,loc1_500/05227_background_loc1_3.npz,test
background,loc1,loc1_500/05582_background_loc1_1.npz,test
cv,loc1,loc1_500/02032_cv_loc1_0.npz,test
cv,loc1,loc1_500/02239_cv_loc1_0.npz,test
car,loc1,loc1_500/01053_car_loc1_0.npz,test
cv,loc1,loc1_500/00259_cv_loc1_0.npz,test
cv,loc1,loc1_500/00265_cv_loc1_0.npz,test
cv,loc1,loc1_500/02032_cv_loc1_0.npz,test
background,loc1,loc1_500/00223_background_loc1_2.npz,test
background,loc1,loc1_500/05469_background_loc1_6.npz,test
car,loc1,loc1_500/01644_car_loc1_0.npz,test
cv,loc1,loc1_500/00041_cv_loc1_1.npz,test
cv,loc1,loc1_500/02376_cv_loc1_0.npz,test
cv,loc1,loc1_500/00415_cv_loc1_0.npz,test
car,loc1,loc1_500/01099_car_loc1_2.npz,test
background,loc1,loc1_500/06076_background_loc1_1.npz,test
background,loc1,loc1_500/05077_background_loc1_2.npz,test
cv,loc1,loc1_500/01860_cv_loc1_0.npz,test
background,loc1,loc1_500/00765_background_loc1_1.npz,test
cv,loc1,loc1_500/02202_cv_loc1_0.npz,test
background,loc1,loc1_500/00641_background_loc1_4.npz,test
cv,loc1,loc1_500/00340_cv_loc1_0.npz,test
cv,loc1,loc1_500/02324_cv_loc1_0.npz,test
background,loc1,loc1_500/00706_background_loc1_3.npz,test
cv,loc1,loc1_500/00260_cv_loc1_0.npz,test
background,loc1,loc1_500/04795_background_loc1_0.npz,test
background,loc1,loc1_500/04228_background_loc1_1.npz,test
cv,loc1,loc1_500/02083_cv_loc1_0.npz,test
background,loc1,loc1_500/00630_background_loc1_6.npz,test
cv,loc1,loc1_500/01942_cv_loc1_1.npz,test
background,loc1,loc1_500/07893_background_loc1_1.npz,test
background,loc1,loc1_500/09649_background_loc1_0.npz,test
car,loc1,loc1_500/03657_car_loc1_2.npz,test
background,loc1,loc1_500/00313_background_loc1_4.npz,test
background,loc1,loc1_500/07211_background_loc1_0.npz,test
background,loc1,loc1_500/09655_background_loc1_0.npz,test
car,loc1,loc1_500/00592_car_loc1_1.npz,test
car,loc1,loc1_500/03161_car_loc1_0.npz,test
car,loc1,loc1_500/02719_car_loc1_1.npz,test
car,loc1,loc1_500/01864_car_loc1_1.npz,test
car,loc1,loc1_500/00072_car_loc1_0.npz,test
cv,loc1,loc1_500/00151_cv_loc1_0.npz,test
background,loc1,loc1_500/03632_background_loc1_2.npz,test
background,loc1,loc1_500/08858_background_loc1_0.npz,test
background,loc1,loc1_500/03324_background_loc1_0.npz,test
cv,loc1,loc1_500/00238_cv_loc1_0.npz,test
car,loc1,loc1_500/03363_car_loc1_1.npz,test
cv,loc1,loc1_500/00138_cv_loc1_0.npz,test
background,loc1,loc1_500/06113_background_loc1_0.npz,test
background,loc1,loc1_500/01214_background_loc1_1.npz,test
car,loc1,loc1_500/01286_car_loc1_0.npz,test
background,loc1,loc1_500/06581_background_loc1_0.npz,test
background,loc1,loc1_500/00082_background_loc1_6.npz,test
background,loc1,loc1_500/00082_background_loc1_2.npz,test
background,loc1,loc1_500/06372_background_loc1_0.npz,test
background,loc1,loc1_500/05501_background_loc1_2.npz,test
car,loc1,loc1_500/03421_car_loc1_1.npz,test
background,loc1,loc1_500/00313_background_loc1_0.npz,test
car,loc1,loc1_500/03592_car_loc1_2.npz,test
background,loc1,loc1_500/05462_background_loc1_8.npz,test
cv,loc1,loc1_500/02061_cv_loc1_1.npz,test
background,loc1,loc1_500/05976_background_loc1_3.npz,test
cv,loc1,loc1_500/02338_cv_loc1_0.npz,test
cv,loc1,loc1_500/02064_cv_loc1_0.npz,test
background,loc1,loc1_500/05807_background_loc1_4.npz,test
car,loc1,loc1_500/00366_car_loc1_0.npz,test
background,loc1,loc1_500/00398_background_loc1_2.npz,test
background,loc1,loc1_500/05012_background_loc1_2.npz,test
background,loc1,loc1_500/05369_background_loc1_0.npz,test
car,loc1,loc1_500/00955_car_loc1_0.npz,test
cv,loc1,loc1_500/01939_cv_loc1_0.npz,test
background,loc1,loc1_500/04945_background_loc1_3.npz,test
cv,loc1,loc1_500/00156_cv_loc1_0.npz,test
car,loc1,loc1_500/00848_car_loc1_2.npz,test
car,loc1,loc1_500/01318_car_loc1_1.npz,test
car,loc1,loc1_500/03498_car_loc1_0.npz,test
cv,loc1,loc1_500/00416_cv_loc1_0.npz,test
cv,loc1,loc1_500/01896_cv_loc1_0.npz,test
cv,loc1,loc1_500/00268_cv_loc1_0.npz,test
car,loc1,loc1_500/02342_car_loc1_0.npz,test
cv,loc1,loc1_500/00809_cv_loc1_0.npz,test
car,loc1,loc1_500/01713_car_loc1_0.npz,test
cv,loc1,loc1_500/00300_cv_loc1_0.npz,test
car,loc1,loc1_500/01956_car_loc1_0.npz,test
cv,loc1,loc1_500/02069_cv_loc1_0.npz,test
cv,loc1,loc1_500/03706_cv_loc1_0.npz,test
car,loc1,loc1_500/03288_car_loc1_1.npz,test
cv,loc1,loc1_500/01942_cv_loc1_0.npz,test
cv,loc1,loc1_500/01994_cv_loc1_0.npz,test
car,loc1,loc1_500/02732_car_loc1_0.npz,test
car,loc1,loc1_500/03108_car_loc1_0.npz,test
cv,loc1,loc1_500/00381_cv_loc1_0.npz,test
cv,loc1,loc1_500/02231_cv_loc1_1.npz,test
car,loc1,loc1_500/02285_car_loc1_1.npz,test
car,loc1,loc1_500/01548_car_loc1_2.npz,test
car,loc1,loc1_500/03328_car_loc1_2.npz,test
background,loc1,loc1_500/10137_background_loc1_3.npz,test
background,loc1,loc1_500/02719_background_loc1_0.npz,test
car,loc1,loc1_500/02570_car_loc1_0.npz,test
car,loc1,loc1_500/03590_car_loc1_2.npz,test
background,loc1,loc1_500/06861_background_loc1_0.npz,test
background,loc1,loc1_500/02959_background_loc1_0.npz,test
cv,loc1,loc1_500/01632_cv_loc1_0.npz,test
background,loc1,loc1_500/00837_background_loc1_1.npz,test
car,loc1,loc1_500/00530_car_loc1_0.npz,test
background,loc1,loc1_500/05371_background_loc1_0.npz,test
background,loc1,loc1_500/00398_background_loc1_1.npz,test
car,loc1,loc1_500/01835_car_loc1_1.npz,test
background,loc1,loc1_500/04197_background_loc1_0.npz,test
background,loc1,loc1_500/09982_background_loc1_1.npz,test
background,loc1,loc1_500/05974_background_loc1_3.npz,test
background,loc1,loc1_500/05570_background_loc1_3.npz,test
cv,loc1,loc1_500/01309_cv_loc1_2.npz,test
car,loc1,loc1_500/02793_car_loc1_1.npz,test
car,loc1,loc1_500/03422_car_loc1_1.npz,test
car,loc1,loc1_500/01025_car_loc1_0.npz,test
cv,loc1,loc1_500/01857_cv_loc1_0.npz,test
car,loc1,loc1_500/03564_car_loc1_0.npz,test
car,loc1,loc1_500/00046_car_loc1_0.npz,test
car,loc1,loc1_500/01612_car_loc1_2.npz,test
car,loc1,loc1_500/03747_car_loc1_0.npz,test
cv,loc1,loc1_500/02318_cv_loc1_0.npz,test
cv,loc1,loc1_500/02316_cv_loc1_0.npz,test
car,loc1,loc1_500/03310_car_loc1_1.npz,test
cv,loc1,loc1_500/01312_cv_loc1_2.npz,test
cv,loc1,loc1_500/02337_cv_loc1_0.npz,test
car,loc1,loc1_500/03423_car_loc1_0.npz,test
cv,loc1,loc1_500/02232_cv_loc1_1.npz,test
car,loc1,loc1_500/02199_car_loc1_0.npz,test
car,loc1,loc1_500/02897_car_loc1_3.npz,test
car,loc1,loc1_500/00021_car_loc1_0.npz,test
car,loc1,loc1_500/02894_car_loc1_0.npz,test
background,loc1,loc1_500/01290_background_loc1_0.npz,test
background,loc1,loc1_500/07518_background_loc1_0.npz,test
cv,loc1,loc1_500/02205_cv_loc1_0.npz,test
cv,loc1,loc1_500/00093_cv_loc1_0.npz,test
cv,loc1,loc1_500/02354_cv_loc1_0.npz,test
cv,loc1,loc1_500/02238_cv_loc1_0.npz,test
car,loc1,loc1_500/00348_car_loc1_1.npz,test
cv,loc1,loc1_500/00414_cv_loc1_1.npz,test
background,loc1,loc1_500/02284_background_loc1_1.npz,test
cv,loc1,loc1_500/02071_cv_loc1_1.npz,test
car,loc1,loc1_500/03396_car_loc1_0.npz,test
cv,loc1,loc1_500/00179_cv_loc1_0.npz,test
background,loc1,loc1_500/00284_background_loc1_0.npz,test
cv,loc1,loc1_500/00149_cv_loc1_0.npz,test
car,loc1,loc1_500/00589_car_loc1_2.npz,test
background,loc1,loc1_500/02827_background_loc1_1.npz,test
cv,loc1,loc1_500/00099_cv_loc1_0.npz,test
car,loc1,loc1_500/03754_car_loc1_1.npz,test
car,loc1,loc1_500/00784_car_loc1_0.npz,test
cv,loc1,loc1_500/02213_cv_loc1_0.npz,test
car,loc1,loc1_500/03015_car_loc1_0.npz,test
cv,loc1,loc1_500/00486_cv_loc1_0.npz,test
cv,loc1,loc1_500/02079_cv_loc1_1.npz,test
cv,loc1,loc1_500/00488_cv_loc1_0.npz,test
cv,loc1,loc1_500/02452_cv_loc1_0.npz,test
cv,loc1,loc1_500/02375_cv_loc1_0.npz,test
car,loc1,loc1_500/02771_car_loc1_0.npz,test
car,loc1,loc1_500/01983_car_loc1_0.npz,test
cv,loc1,loc1_500/00237_cv_loc1_0.npz,test
cv,loc1,loc1_500/02141_cv_loc1_0.npz,test
background,loc1,loc1_500/05996_background_loc1_2.npz,test
background,loc1,loc1_500/00907_background_loc1_2.npz,test
car,loc1,loc1_500/02577_car_loc1_0.npz,test
background,loc1,loc1_500/07004_background_loc1_0.npz,test
car,loc1,loc1_500/02869_car_loc1_0.npz,test
cv,loc1,loc1_500/02333_cv_loc1_0.npz,test
background,loc1,loc1_500/10123_background_loc1_3.npz,test
cv,loc1,loc1_500/00327_cv_loc1_0.npz,test
background,loc1,loc1_500/10111_background_loc1_4.npz,test
background,loc1,loc1_500/04472_background_loc1_2.npz,test
car,loc1,loc1_500/01789_car_loc1_1.npz,test
car,loc1,loc1_500/00669_car_loc1_1.npz,test
